mileage_kmpl,engine_cc,owner_count,car_age,has_accident,service_history_encoded,fuel_type_electric,fuel_type_petrol,brand_chevrolet,brand_ford,brand_honda,brand_hyundai,brand_kia,brand_nissan,brand_tesla,brand_toyota,brand_volkswagen,transmission_manual,color_blue,color_gray,color_red,color_silver,color_white,insurance_valid_yes,price_usd
15.85,1800,5,16,1,2,0,1,1,0,0,0,0,0,0,0,0,0,0,1,0,0,0,1,4544.55
14.14,2000,2,3,1,1,0,1,0,0,0,0,0,0,0,0,0,1,0,0,0,0,0,1,7992.87
15.21,1800,2,16,0,0,0,1,0,0,0,0,0,0,0,0,0,0,0,0,1,0,0,0,7714.49
10.06,2000,3,5,0,2,0,0,0,0,1,0,0,0,0,0,0,0,0,1,0,0,0,1,8137.05
28.3,1200,1,23,0,0,0,0,1,0,0,0,0,0,0,0,0,1,0,0,0,0,0,1,7025.51
21.94,1500,1,13,0,2,0,1,0,0,0,0,0,0,0,0,0,0,0,0,0,0,0,0,6644.85
10.17,4000,5,15,0,1,0,1,1,0,0,0,0,0,0,0,0,1,0,0,0,1,0,1,7446.12
16.6,1500,3,22,1,1,0,0,0,0,0,0,0,0,0,0,0,0,0,0,1,0,0,1,4128.12
8.5,800,5,18,1,0,0,1,0,0,0,0,0,0,0,0,1,0,0,1,0,0,0,1,1762.16
21.91,4000,2,11,1,2,0,1,0,0,0,0,0,1,0,0,0,0,0,1,0,0,0,1,9338.84
19.98,1800,3,19,0,2,0,1,0,0,0,0,1,0,0,0,0,1,0,1,0,0,0,1,5906.84
16.39,2500,4,13,1,1,0,1,0,0,0,0,0,0,0,1,0,1,1,0,0,0,0,0,8005.46
15.58,2500,3,4,0,2,0,1,0,0,0,0,1,0,0,0,0,1,1,0,0,0,0,1,8117.3
24.46,1800,5,17,1,1,0,1,1,0,0,0,0,0,0,0,0,1,0,0,0,0,0,1,4647.14
15.06,2500,1,13,0,0,0,0,0,1,0,0,0,0,0,0,0,1,0,0,0,1,0,1,8548.88
16.07,5000,4,14,0,2,0,1,0,0,0,0,1,0,0,0,0,1,0,0,1,0,0,0,10689.55
19.37,800,3,26,0,2,0,0,0,0,0,0,0,0,0,0,1,0,0,0,0,0,1,1,4358.54
19.27,5000,5,8,0,2,0,1,0,0,0,0,0,0,1,0,0,1,1,0,0,0,0,1,8539.19
14.26,4000,3,18,0,2,0,0,1,0,0,0,0,0,0,0,0,0,0,0,0,1,0,1,9239.1
26.17,2500,4,3,1,2,0,0,0,0,0,0,0,0,0,0,0,1,0,0,0,0,1,1,8703.0
23.22,1200,1,23,0,2,0,0,0,0,1,0,0,0,0,0,0,1,0,1,0,0,0,1,5880.08
6.78,1500,2,2,1,1,0,1,0,0,0,0,1,0,0,0,0,1,0,0,1,0,0,1,9143.69
14.8,1200,5,21,1,1,0,0,0,0,0,0,0,0,0,1,0,1,1,0,0,0,0,1,4675.8
13.51,1500,3,19,0,0,0,0,0,0,0,1,0,0,0,0,0,0,0,0,0,0,0,1,3848.17
13.36,1200,3,13,0,1,0,1,0,0,0,0,0,0,0,0,0,0,0,0,0,0,1,1,6345.67
23.31,3000,1,6,1,0,0,0,0,0,0,0,0,1,0,0,0,0,0,0,0,1,0,1,10065.14
27.64,1800,1,17,0,1,0,1,0,0,0,1,0,0,0,0,0,1,0,0,0,0,0,1,8158.61
16.36,4000,2,18,0,2,0,0,0,0,0,0,1,0,0,0,0,1,0,1,0,0,0,1,8931.69
29.36,2500,1,15,0,2,0,0,0,0,0,0,0,0,0,0,1,1,0,0,0,0,0,1,7963.31
25.56,1800,5,14,0,2,0,0,0,0,0,0,1,0,0,0,0,1,0,0,1,0,0,0,6917.88
10.86,1800,3,12,0,1,1,0,0,1,0,0,0,0,0,0,0,1,0,0,0,1,0,1,5943.79
26.55,1200,5,10,0,1,0,1,0,0,0,1,0,0,0,0,0,1,0,0,0,1,0,1,5877.47
16.52,1800,1,17,0,0,0,1,1,0,0,0,0,0,0,0,0,0,0,0,0,0,1,1,5873.74
29.29,3000,3,16,1,2,0,1,0,0,0,1,0,0,0,0,0,0,0,0,0,1,0,0,10439.26
15.68,1500,5,27,0,2,0,1,0,0,0,0,0,0,0,0,1,0,0,0,0,0,1,1,2467.63
17.34,2000,3,20,1,1,0,1,0,0,0,0,0,0,0,0,0,1,0,0,1,0,0,0,4235.62
22.7,800,5,2,1,1,0,0,1,0,0,0,0,0,0,0,0,1,0,0,0,0,0,0,6223.27
21.92,800,5,12,0,0,0,0,0,0,1,0,0,0,0,0,0,0,1,0,0,0,0,0,4860.12
24.65,3000,4,13,0,0,0,1,0,0,0,1,0,0,0,0,0,1,0,0,0,0,0,1,7528.94
21.29,5000,2,23,0,2,0,0,0,0,0,1,0,0,0,0,0,0,0,0,0,0,0,1,9073.52
16.56,1000,4,18,1,2,0,1,0,0,0,0,0,1,0,0,0,0,0,1,0,0,0,1,5392.89
24.42,2000,3,8,0,0,0,1,1,0,0,0,0,0,0,0,0,0,1,0,0,0,0,0,8685.83
21.7,2000,3,16,0,0,1,0,0,0,0,0,0,1,0,0,0,0,0,1,0,0,0,1,10507.7
21.94,4000,1,13,1,2,0,0,0,0,0,1,0,0,0,0,0,0,0,0,1,0,0,1,11013.72
10.59,4000,5,30,0,2,0,0,0,0,0,0,0,0,0,0,1,0,1,0,0,0,0,1,5401.55
20.0,3000,5,12,0,2,1,0,0,0,0,0,0,0,0,1,0,1,0,0,0,1,0,1,10990.21
24.12,2500,3,10,1,2,1,0,0,0,0,0,0,0,1,0,0,0,0,0,1,0,0,1,9848.34
28.13,5000,2,7,1,0,0,1,0,0,0,0,0,0,1,0,0,0,0,0,0,1,0,1,14149.43
15.35,1800,5,26,1,0,0,1,0,0,0,0,0,1,0,0,0,1,0,0,0,1,0,1,3234.01
17.61,4000,2,25,1,0,0,1,0,0,0,0,0,0,0,0,1,1,0,1,0,0,0,1,7668.73
6.51,2000,5,11,0,1,0,1,0,0,0,0,0,0,0,0,0,1,0,0,0,1,0,1,5182.32
17.66,4000,2,24,1,1,0,0,1,0,0,0,0,0,0,0,0,1,0,1,0,0,0,1,8567.0
12.73,800,2,5,0,2,0,0,0,1,0,0,0,0,0,0,0,0,0,0,0,1,0,1,5745.21
13.47,1000,1,2,1,1,0,1,0,0,0,0,0,0,0,1,0,1,0,0,1,0,0,0,6134.21
23.75,1500,4,14,0,2,1,0,0,0,0,0,1,0,0,0,0,1,0,0,1,0,0,0,9452.55
25.49,1500,3,30,0,2,0,1,0,0,1,0,0,0,0,0,0,1,0,0,0,0,0,1,4518.96
18.44,1200,2,8,0,2,0,1,0,0,0,0,0,0,0,0,1,1,0,0,0,1,0,1,6730.96
17.67,4000,2,9,1,1,0,1,0,0,0,0,1,0,0,0,0,0,0,1,0,0,0,1,11105.55
13.14,2000,2,21,0,2,1,0,0,0,1,0,0,0,0,0,0,1,0,0,0,0,0,1,6941.39
16.36,1800,2,28,1,2,0,1,0,0,0,0,0,0,0,1,0,1,0,0,0,0,1,1,6144.11
16.72,800,5,10,1,2,0,0,0,0,0,0,0,0,0,0,1,1,0,0,0,1,0,1,4814.58
18.18,2000,3,29,0,2,1,0,0,0,0,0,0,0,0,0,0,1,0,1,0,0,0,0,9326.3
20.84,800,5,24,0,2,0,0,0,1,0,0,0,0,0,0,0,1,0,0,0,0,1,1,4147.9
21.91,2500,4,20,0,2,0,1,0,0,0,0,0,0,1,0,0,0,0,0,0,0,1,1,8692.08
19.15,2500,3,9,0,0,0,0,0,0,0,0,0,0,0,0,0,1,1,0,0,0,0,1,6540.89
22.04,1000,4,3,0,2,0,1,0,0,0,0,0,0,0,0,1,1,0,0,0,1,0,1,6449.99
22.64,800,1,20,1,0,0,0,1,0,0,0,0,0,0,0,0,0,0,1,0,0,0,1,5659.69
15.93,800,5,21,0,2,0,0,0,0,0,0,1,0,0,0,0,1,0,0,0,0,0,1,4078.39
14.24,1500,5,8,1,1,0,1,0,0,0,0,1,0,0,0,0,0,0,0,0,0,1,1,5202.42
12.96,3000,3,9,0,2,0,0,0,0,0,0,0,0,0,1,0,1,0,0,1,0,0,1,9081.46
18.63,800,2,19,0,0,0,1,0,0,0,0,0,0,0,1,0,0,0,0,0,1,0,1,3490.09
20.47,2000,4,22,1,2,1,0,0,0,0,1,0,0,0,0,0,1,0,0,0,0,1,1,7783.08
18.9,4000,3,19,0,1,0,1,1,0,0,0,0,0,0,0,0,1,1,0,0,0,0,0,8969.84
20.46,2500,3,19,0,2,0,0,0,0,0,0,0,0,0,1,0,1,0,0,1,0,0,1,7057.11
19.19,1200,1,26,0,1,0,1,0,1,0,0,0,0,0,0,0,1,0,0,0,0,1,0,5709.03
22.47,5000,4,21,1,2,0,0,1,0,0,0,0,0,0,0,0,1,0,0,0,0,1,0,11683.89
22.81,2000,3,26,0,1,0,1,0,0,0,0,0,0,0,1,0,1,1,0,0,0,0,1,5255.18
18.72,4000,3,7,1,2,0,0,0,0,0,1,0,0,0,0,0,1,0,0,0,1,0,0,10476.91
18.55,2500,1,16,0,2,0,0,1,0,0,0,0,0,0,0,0,1,0,0,0,0,0,1,9529.27
14.13,1200,3,14,0,1,0,0,0,0,0,0,0,0,0,1,0,1,1,0,0,0,0,1,5578.17
12.11,2000,4,2,0,2,0,1,0,0,0,0,0,0,0,0,1,1,0,0,0,0,1,0,7365.77
14.74,1500,2,22,0,2,0,1,0,0,0,0,0,0,0,1,0,0,0,1,0,0,0,1,3872.67
21.51,2000,1,21,1,1,0,0,0,0,0,0,1,0,0,0,0,1,0,0,0,0,1,1,7020.74
13.34,2500,5,13,0,1,0,1,0,0,0,0,0,0,0,1,0,0,0,0,0,1,0,0,5307.84
16.75,3000,2,19,1,2,0,1,0,0,0,0,0,0,1,0,0,1,0,0,0,1,0,1,8180.74
18.13,1800,3,4,0,0,0,1,0,0,1,0,0,0,0,0,0,1,0,0,0,0,0,0,7819.14
19.21,2000,3,10,1,2,0,0,0,0,0,1,0,0,0,0,0,1,0,0,0,0,0,1,7589.1
12.09,1000,1,8,0,2,0,1,1,0,0,0,0,0,0,0,0,1,0,0,1,0,0,0,5969.14
11.5,1800,3,16,0,0,0,1,0,1,0,0,0,0,0,0,0,1,0,0,1,0,0,0,4997.69
14.66,3000,1,24,0,2,0,1,0,0,0,1,0,0,0,0,0,0,0,1,0,0,0,1,8818.84
19.56,1500,4,19,1,2,0,0,0,0,0,0,0,0,0,1,0,0,0,0,0,1,0,1,5099.31
19.16,2000,5,13,0,2,1,0,0,0,0,0,1,0,0,0,0,0,0,1,0,0,0,1,7894.92
15.14,1200,3,23,1,1,0,0,0,0,1,0,0,0,0,0,0,1,1,0,0,0,0,1,1834.14
17.91,1500,3,22,0,0,0,0,0,0,0,0,0,1,0,0,0,1,0,1,0,0,0,1,3518.07
21.78,4000,3,10,1,2,0,1,0,1,0,0,0,0,0,0,0,0,1,0,0,0,0,1,11042.43
16.63,1000,3,14,1,0,0,1,0,1,0,0,0,0,0,0,0,0,0,0,0,0,0,1,3919.33
20.74,5000,5,5,1,0,0,0,0,0,0,0,0,0,1,0,0,0,0,1,0,0,0,0,11203.57
5.0,5000,3,2,0,2,0,1,0,0,0,0,0,0,1,0,0,1,0,0,0,0,1,1,13345.05
14.46,800,4,21,1,1,0,1,1,0,0,0,0,0,0,0,0,0,0,0,0,0,0,1,3957.32
24.45,4000,2,23,0,0,0,1,0,0,0,0,0,0,1,0,0,1,0,1,0,0,0,1,10205.03
9.88,1200,5,30,1,1,0,0,0,0,0,0,0,0,1,0,0,1,0,0,0,0,0,0,1000.0
18.35,1200,4,10,0,1,0,0,0,0,0,1,0,0,0,0,0,1,0,0,0,0,1,1,6072.9
21.84,4000,4,13,1,2,0,1,0,0,1,0,0,0,0,0,0,1,1,0,0,0,0,1,8506.23
15.63,1000,2,18,0,1,0,1,0,0,0,0,1,0,0,0,0,1,0,0,0,0,0,1,6121.12
9.5,1000,5,8,0,0,0,1,0,0,0,0,0,0,1,0,0,0,0,0,0,1,0,1,3018.98
18.09,4000,2,12,1,1,0,1,0,0,0,0,0,0,0,0,0,1,0,0,0,0,0,1,11991.86
14.83,5000,4,2,0,1,0,0,0,0,1,0,0,0,0,0,0,0,0,0,0,0,0,1,13094.05
9.34,800,4,29,0,1,0,1,1,0,0,0,0,0,0,0,0,1,0,0,1,0,0,0,1000.0
18.16,2500,2,11,0,2,0,1,0,1,0,0,0,0,0,0,0,1,1,0,0,0,0,1,8858.45
14.55,1800,4,8,0,2,0,0,0,0,0,0,0,0,0,0,0,1,0,0,1,0,0,1,7605.14
17.1,4000,1,22,0,2,0,1,0,0,0,0,0,1,0,0,0,0,1,0,0,0,0,1,9028.25
16.16,1200,4,3,0,0,0,0,0,0,0,0,1,0,0,0,0,1,0,0,0,0,0,1,6461.69
14.81,1800,2,18,0,2,1,0,0,0,0,0,0,1,0,0,0,1,1,0,0,0,0,1,9383.56
17.49,1000,3,27,0,2,0,1,0,0,0,0,0,0,0,1,0,1,0,0,0,1,0,1,4032.92
15.89,2500,1,19,1,0,0,0,0,0,0,0,0,0,0,0,1,0,0,1,0,0,0,0,7115.88
19.19,1000,1,3,0,2,0,1,1,0,0,0,0,0,0,0,0,0,0,0,0,0,1,1,8221.27
22.17,5000,4,21,0,1,0,1,0,0,0,1,0,0,0,0,0,1,0,0,0,0,0,1,10611.96
15.18,5000,5,23,1,1,0,1,0,0,1,0,0,0,0,0,0,0,0,0,0,1,0,1,8727.97
19.44,1500,2,14,0,2,0,1,0,0,0,0,1,0,0,0,0,1,0,0,1,0,0,1,9065.49
14.6,1500,4,28,1,0,0,1,0,0,0,1,0,0,0,0,0,1,0,0,0,1,0,0,2123.68
19.75,1200,4,27,0,2,0,1,0,1,0,0,0,0,0,0,0,1,0,0,0,1,0,1,2684.11
16.48,3000,1,25,1,1,0,1,0,0,0,0,0,0,1,0,0,0,0,0,0,0,0,1,5395.66
27.84,1800,2,18,0,0,1,0,0,0,0,0,0,0,0,1,0,1,0,1,0,0,0,1,8808.97
15.78,2500,3,13,0,1,0,0,0,0,0,0,0,0,0,0,0,1,0,1,0,0,0,1,8377.48
21.2,5000,3,8,1,0,0,1,1,0,0,0,0,0,0,0,0,1,0,0,1,0,0,1,11658.71
15.38,1800,3,14,0,0,0,1,0,0,0,0,0,0,1,0,0,1,1,0,0,0,0,1,7314.74
14.22,4000,5,12,0,2,0,0,0,0,0,0,0,0,0,0,0,1,1,0,0,0,0,1,7932.88
7.85,800,5,13,1,0,0,1,0,0,0,0,0,1,0,0,0,1,0,0,0,0,0,1,1677.73
12.87,1000,3,6,1,2,0,0,1,0,0,0,0,0,0,0,0,1,0,1,0,0,0,1,6208.91
12.72,2500,1,15,0,1,0,1,0,0,0,0,0,1,0,0,0,0,0,1,0,0,0,0,7541.4
16.35,1500,4,9,1,1,0,1,0,0,0,0,0,0,1,0,0,0,0,1,0,0,0,1,4179.96
27.04,4000,3,22,0,2,0,0,0,0,0,0,1,0,0,0,0,0,0,0,1,0,0,1,10036.93
25.32,800,2,24,0,2,0,0,0,0,0,0,0,0,1,0,0,1,0,0,0,0,1,0,3763.39
6.37,5000,4,13,1,2,0,1,0,1,0,0,0,0,0,0,0,0,0,0,0,0,0,1,9885.1
7.08,5000,3,5,1,2,0,0,0,0,1,0,0,0,0,0,0,1,0,1,0,0,0,0,8937.97
11.57,800,4,2,0,1,0,0,0,1,0,0,0,0,0,0,0,1,0,0,0,0,1,1,4260.43
19.15,1000,3,20,0,2,0,0,0,0,0,0,0,1,0,0,0,1,0,0,0,0,1,1,3070.76
22.85,2500,3,9,0,1,0,0,0,0,0,0,0,0,0,0,0,0,0,0,0,0,1,1,8490.42
20.4,2000,2,8,0,2,0,1,0,0,0,0,0,0,1,0,0,0,0,0,0,0,0,1,7806.97
16.58,2500,1,2,1,1,0,0,0,0,0,0,1,0,0,0,0,0,0,0,1,0,0,1,11191.84
17.99,1500,2,10,0,0,0,0,0,0,1,0,0,0,0,0,0,0,0,0,0,1,0,1,6289.31
14.83,3000,2,24,0,0,0,1,0,0,1,0,0,0,0,0,0,1,1,0,0,0,0,1,6634.99
16.04,3000,5,26,1,2,1,0,0,1,0,0,0,0,0,0,0,1,0,0,0,0,0,0,9972.33
9.57,5000,1,7,0,2,0,1,0,0,0,1,0,0,0,0,0,1,0,0,0,1,0,1,11118.25
18.35,2000,2,17,0,0,1,0,0,0,0,0,0,0,0,0,0,1,0,0,0,0,0,0,10482.5
14.52,4000,1,26,1,2,0,0,0,0,0,0,0,0,1,0,0,0,0,0,0,0,0,0,10520.31
26.65,1800,1,26,1,2,0,0,1,0,0,0,0,0,0,0,0,1,0,0,1,0,0,0,6608.71
21.71,2500,5,16,0,0,0,1,1,0,0,0,0,0,0,0,0,1,0,0,0,0,0,1,6263.47
15.72,2000,5,23,1,2,0,1,0,0,1,0,0,0,0,0,0,1,0,0,0,0,1,0,4325.69
22.51,4000,5,18,0,1,0,1,0,0,1,0,0,0,0,0,0,1,0,0,0,1,0,1,9072.19
16.26,3000,3,8,0,0,0,1,0,1,0,0,0,0,0,0,0,1,0,0,0,0,1,1,10245.27
18.76,1500,3,3,0,2,0,1,1,0,0,0,0,0,0,0,0,1,0,1,0,0,0,1,7871.63
16.02,1800,3,15,1,2,0,0,0,0,0,0,1,0,0,0,0,0,0,0,1,0,0,0,5877.78
23.7,1000,5,7,0,2,0,0,0,0,0,0,0,0,1,0,0,0,0,0,1,0,0,1,6884.76
18.82,1200,3,22,0,0,0,0,0,0,0,0,0,0,0,1,0,1,0,0,0,0,1,1,4396.11
20.61,4000,5,5,0,2,0,1,0,1,0,0,0,0,0,0,0,1,0,0,1,0,0,1,8051.36
18.55,1500,2,25,1,1,1,0,0,0,0,0,0,0,0,1,0,0,0,0,1,0,0,1,7890.77
14.7,1500,1,18,0,2,0,1,0,0,0,1,0,0,0,0,0,0,0,0,0,1,0,1,5675.37
18.05,1000,4,4,1,2,0,0,0,0,0,0,1,0,0,0,0,0,0,1,0,0,0,1,7100.61
11.22,1800,5,15,0,2,0,1,0,1,0,0,0,0,0,0,0,1,1,0,0,0,0,0,5700.81
6.33,5000,3,30,0,2,0,0,0,0,0,1,0,0,0,0,0,1,1,0,0,0,0,1,6843.54
16.66,1000,5,7,1,2,0,1,0,1,0,0,0,0,0,0,0,1,1,0,0,0,0,0,5228.39
21.27,1800,1,17,1,2,0,0,0,1,0,0,0,0,0,0,0,1,0,0,0,1,0,1,6675.12
14.58,2000,2,3,0,2,0,1,0,0,0,1,0,0,0,0,0,1,1,0,0,0,0,1,7216.41
13.84,5000,3,9,1,2,0,0,0,0,0,1,0,0,0,0,0,1,0,0,0,0,1,0,10616.94
27.46,3000,2,25,1,2,1,0,0,0,0,0,0,0,0,0,0,1,0,0,0,0,1,1,10315.68
24.25,1500,5,10,0,2,0,1,0,0,0,0,1,0,0,0,0,1,0,0,0,0,0,1,5077.44
14.8,5000,1,5,1,0,1,0,0,0,0,0,0,1,0,0,0,0,0,0,0,1,0,1,13575.99
16.57,800,2,28,1,1,0,0,0,0,0,0,0,0,0,1,0,1,1,0,0,0,0,1,2437.14
22.09,1000,1,16,1,2,0,1,0,0,0,0,0,0,0,0,0,0,0,0,0,0,0,1,7815.89
12.93,2500,5,16,0,2,0,1,0,0,0,0,0,0,0,0,0,1,0,0,0,0,1,1,6727.62
16.7,1000,2,30,0,2,0,0,0,1,0,0,0,0,0,0,0,0,0,0,0,0,0,1,3346.93
8.49,1000,5,15,1,1,0,1,0,0,0,0,0,0,0,1,0,0,0,0,0,1,0,1,3559.25
16.59,800,3,25,0,1,0,0,0,0,0,0,0,1,0,0,0,1,1,0,0,0,0,0,1000.0
20.55,4000,3,29,1,1,0,0,0,0,0,0,0,0,0,1,0,1,1,0,0,0,0,1,6772.21
18.11,2000,4,27,1,2,1,0,0,0,0,0,1,0,0,0,0,1,0,0,0,0,1,1,6584.88
25.64,1000,5,18,1,2,0,0,0,0,0,0,0,1,0,0,0,0,0,0,0,1,0,1,4118.67
20.87,1200,4,26,1,2,0,0,0,0,1,0,0,0,0,0,0,0,0,0,0,0,0,1,3195.97
11.42,3000,4,26,1,1,0,0,0,0,0,0,0,0,0,0,0,1,0,0,0,0,1,1,6591.19
24.8,5000,2,24,0,2,0,0,0,0,0,0,0,1,0,0,0,1,0,0,0,1,0,1,10555.61
23.85,3000,5,30,1,2,0,1,0,0,0,1,0,0,0,0,0,0,0,0,0,0,0,1,6089.31
25.32,2000,4,15,1,2,0,0,0,0,0,0,0,0,0,0,0,0,0,0,0,0,0,0,7492.03
22.9,5000,4,19,0,2,0,0,0,0,0,0,0,0,0,0,0,1,0,1,0,0,0,1,9050.98
5.0,1500,5,5,1,2,0,1,0,0,0,0,0,1,0,0,0,1,0,0,0,0,0,1,5910.61
10.47,1500,2,13,0,2,1,0,0,0,0,0,0,0,1,0,0,1,0,1,0,0,0,1,9727.88
12.41,800,1,17,1,2,0,0,0,0,0,0,0,1,0,0,0,1,0,0,1,0,0,1,6685.41
20.6,2000,1,3,1,1,0,0,0,0,0,0,0,0,0,1,0,1,0,0,0,1,0,1,9866.21
11.79,2500,1,17,0,0,0,0,0,0,0,0,0,1,0,0,0,0,0,0,0,1,0,1,7545.76
8.63,1000,2,6,0,1,0,1,1,0,0,0,0,0,0,0,0,0,0,0,0,1,0,1,5246.88
10.29,4000,1,12,0,1,0,1,0,0,0,1,0,0,0,0,0,1,0,0,0,1,0,1,9213.98
17.48,4000,3,22,1,2,0,0,0,1,0,0,0,0,0,0,0,1,0,0,0,0,1,1,8191.43
15.21,800,1,8,0,1,0,1,0,0,0,0,0,0,0,0,0,0,1,0,0,0,0,1,5300.22
21.55,1200,5,9,0,0,0,0,1,0,0,0,0,0,0,0,0,0,1,0,0,0,0,0,5195.9
26.3,1200,2,16,0,2,0,1,0,0,1,0,0,0,0,0,0,1,0,1,0,0,0,1,8241.88
16.91,800,5,21,0,2,0,0,0,0,0,0,0,0,1,0,0,1,0,0,0,0,0,0,3652.07
21.7,800,3,13,0,1,0,0,0,0,1,0,0,0,0,0,0,1,1,0,0,0,0,1,6826.16
15.91,1200,3,11,0,0,0,1,0,1,0,0,0,0,0,0,0,0,0,0,1,0,0,1,6186.68
27.05,3000,1,12,0,1,0,0,0,0,1,0,0,0,0,0,0,0,0,0,0,0,0,1,9543.9
12.12,3000,3,21,0,1,1,0,0,0,0,0,1,0,0,0,0,0,1,0,0,0,0,0,7505.83
12.1,1500,3,22,0,2,1,0,0,0,0,0,1,0,0,0,0,1,1,0,0,0,0,0,8022.13
25.13,5000,5,5,0,2,0,1,0,0,0,0,0,0,0,1,0,1,0,0,0,0,1,1,12142.39
16.16,1000,3,27,0,2,0,1,0,0,0,0,0,1,0,0,0,0,0,0,1,0,0,1,4633.8
21.02,4000,1,2,1,1,0,1,0,0,0,0,0,0,1,0,0,1,0,0,0,1,0,1,11183.46
21.16,1500,2,24,1,2,0,0,0,0,0,0,1,0,0,0,0,0,0,0,0,1,0,0,5343.48
11.87,3000,3,12,0,0,0,1,0,0,1,0,0,0,0,0,0,0,1,0,0,0,0,1,8122.83
21.87,1200,3,20,0,2,0,1,0,0,0,0,0,0,0,1,0,0,0,0,1,0,0,0,4655.68
19.99,2500,2,13,0,2,0,1,0,0,1,0,0,0,0,0,0,1,0,0,0,0,0,1,8414.33
21.08,1200,3,7,0,2,0,1,0,0,0,0,0,0,0,0,0,0,0,0,0,0,1,0,4369.84
16.63,2500,3,21,1,2,0,1,0,0,0,0,0,0,0,0,1,1,1,0,0,0,0,1,5997.7
13.62,1500,2,8,1,2,0,0,1,0,0,0,0,0,0,0,0,1,0,0,0,1,0,1,6110.5
16.52,4000,5,5,1,1,0,1,0,0,0,0,0,0,0,0,0,0,0,0,0,1,0,1,9371.91
19.11,1500,3,18,0,2,0,0,0,0,0,0,0,0,0,1,0,1,0,0,1,0,0,1,4944.42
27.17,2500,4,29,1,2,0,1,0,0,0,0,1,0,0,0,0,1,1,0,0,0,0,1,4509.78
18.38,4000,2,18,0,0,0,1,0,0,0,0,0,0,0,0,0,1,0,0,0,0,1,0,7981.91
13.17,3000,4,23,1,1,0,0,0,1,0,0,0,0,0,0,0,1,0,0,0,0,0,1,6829.18
24.88,1000,5,20,1,2,0,0,1,0,0,0,0,0,0,0,0,0,0,0,0,1,0,1,4485.62
22.22,800,5,10,0,1,0,0,0,0,0,1,0,0,0,0,0,0,0,1,0,0,0,1,4407.29
28.31,5000,3,4,0,0,0,0,0,0,0,0,0,0,1,0,0,0,0,0,0,1,0,1,14662.83
9.43,2000,3,10,0,1,0,0,1,0,0,0,0,0,0,0,0,0,0,0,0,1,0,1,6246.8
21.38,2000,3,12,0,2,0,1,0,0,0,0,1,0,0,0,0,1,0,0,0,0,1,1,8209.87
12.63,1500,5,14,0,0,0,1,0,0,1,0,0,0,0,0,0,0,0,0,0,1,0,1,3748.27
20.53,3000,1,2,0,2,0,0,0,0,0,0,1,0,0,0,0,0,0,1,0,0,0,1,12226.6
11.41,1000,1,21,0,2,0,0,0,0,0,1,0,0,0,0,0,1,0,1,0,0,0,0,4148.28
9.09,1000,3,10,0,2,1,0,0,1,0,0,0,0,0,0,0,0,0,1,0,0,0,1,6950.68
16.2,1200,1,17,0,1,0,1,0,0,1,0,0,0,0,0,0,0,0,0,0,0,1,0,4064.01
11.5,1000,3,13,1,1,1,0,0,1,0,0,0,0,0,0,0,0,0,1,0,0,0,1,7799.36
17.98,1500,4,19,1,2,0,1,1,0,0,0,0,0,0,0,0,1,0,1,0,0,0,1,2438.64
18.91,2500,2,17,0,1,0,1,0,0,0,0,0,1,0,0,0,1,0,0,0,0,1,1,8049.6
15.1,2500,5,17,0,2,0,1,0,0,0,0,0,1,0,0,0,1,0,0,0,1,0,1,5485.64
17.1,1200,2,13,1,1,0,1,0,0,0,1,0,0,0,0,0,0,0,0,0,1,0,1,5409.26
11.32,4000,2,17,1,2,0,0,0,1,0,0,0,0,0,0,0,1,0,1,0,0,0,0,10792.82
15.14,4000,1,2,1,2,0,0,0,0,0,1,0,0,0,0,0,1,1,0,0,0,0,1,12152.99
19.77,2500,2,14,0,0,0,0,0,0,0,0,0,0,0,0,0,0,1,0,0,0,0,1,7648.69
13.61,5000,3,27,0,2,1,0,0,0,0,0,1,0,0,0,0,1,0,0,0,0,1,1,11960.89
14.45,800,2,26,0,2,0,0,0,1,0,0,0,0,0,0,0,0,1,0,0,0,0,1,2872.79
25.72,2500,2,16,0,2,0,1,0,0,0,0,0,0,0,1,0,0,0,0,1,0,0,0,8814.54
16.31,1800,5,23,0,2,0,1,0,0,0,0,0,0,0,0,0,1,0,0,1,0,0,1,1528.95
15.14,1500,2,30,0,1,0,1,0,0,0,0,0,0,0,0,1,1,0,0,0,0,0,1,4270.16
18.12,5000,3,23,0,1,0,0,0,0,0,0,0,0,0,1,0,1,0,1,0,0,0,0,8885.39
18.35,1200,5,21,0,0,0,1,0,0,0,0,0,0,0,0,0,1,0,0,0,0,1,1,3224.05
13.69,1500,4,29,1,1,0,0,1,0,0,0,0,0,0,0,0,0,1,0,0,0,0,1,2790.0
18.0,2500,5,19,0,0,0,1,0,1,0,0,0,0,0,0,0,1,0,0,0,0,1,1,5817.61
10.38,2000,5,8,0,0,0,1,0,0,0,1,0,0,0,0,0,1,0,0,1,0,0,0,5039.89
20.39,1500,3,15,0,2,0,1,0,0,0,0,0,1,0,0,0,0,0,0,0,1,0,1,4980.83
12.65,3000,2,19,1,1,0,1,0,0,0,0,0,1,0,0,0,1,0,0,0,0,1,1,8910.4
16.09,1200,1,12,0,2,0,1,0,0,0,0,0,0,0,1,0,1,0,0,0,0,1,1,4948.68
15.53,1500,2,3,0,1,0,1,0,0,1,0,0,0,0,0,0,1,0,0,1,0,0,1,8516.67
13.02,1000,1,22,0,0,0,1,0,1,0,0,0,0,0,0,0,1,1,0,0,0,0,0,3179.54
13.09,5000,5,22,0,1,0,0,0,0,1,0,0,0,0,0,0,1,0,0,0,1,0,1,8080.31
11.16,1200,1,4,1,1,0,0,1,0,0,0,0,0,0,0,0,1,1,0,0,0,0,1,6974.5
22.04,1800,3,15,0,2,0,1,0,0,1,0,0,0,0,0,0,1,0,0,0,1,0,1,6018.2
17.23,2500,2,2,0,2,0,1,0,0,0,0,1,0,0,0,0,1,0,1,0,0,0,0,8491.53
18.26,5000,5,18,0,1,0,0,1,0,0,0,0,0,0,0,0,0,0,1,0,0,0,0,8803.04
13.74,1200,3,15,0,1,0,0,0,0,0,0,0,1,0,0,0,1,0,0,0,0,1,0,5731.96
16.52,4000,5,8,1,2,1,0,0,0,0,0,0,0,0,1,0,1,0,0,0,0,0,1,12139.37
14.35,4000,1,14,0,2,0,1,1,0,0,0,0,0,0,0,0,1,0,1,0,0,0,1,9713.84
17.52,2000,1,23,1,1,1,0,0,0,0,0,0,0,0,0,1,1,0,0,0,0,0,0,8800.88
22.53,1200,3,23,0,1,0,1,0,0,0,0,0,1,0,0,0,0,0,0,0,0,1,1,4623.38
13.43,800,2,26,0,2,0,0,0,0,0,0,1,0,0,0,0,1,0,0,1,0,0,1,3981.75
19.29,2500,2,10,1,2,0,0,0,0,0,1,0,0,0,0,0,1,0,0,0,0,1,0,9503.48
14.16,800,5,4,1,2,0,0,0,0,0,0,1,0,0,0,0,0,1,0,0,0,0,1,6901.27
21.23,1500,4,14,0,1,0,0,0,0,0,0,1,0,0,0,0,1,0,0,1,0,0,1,3873.99
15.96,1800,1,9,1,1,1,0,0,0,0,0,1,0,0,0,0,0,0,0,0,0,0,1,12036.47
14.98,5000,4,27,0,2,1,0,0,0,0,0,0,0,1,0,0,0,0,0,1,0,0,1,11641.93
14.82,4000,3,18,0,1,0,1,0,0,0,0,0,0,0,0,0,1,1,0,0,0,0,1,7090.25
22.33,1500,4,16,0,2,0,1,0,0,1,0,0,0,0,0,0,0,0,1,0,0,0,1,7729.5
14.1,3000,3,10,0,2,0,1,0,0,0,1,0,0,0,0,0,1,0,0,0,0,0,1,7155.55
5.0,1000,5,30,0,1,0,0,0,0,1,0,0,0,0,0,0,0,0,0,0,0,1,1,1000.0
20.26,1200,4,11,0,1,0,1,0,0,0,1,0,0,0,0,0,0,1,0,0,0,0,1,6866.62
13.01,1000,5,24,0,2,1,0,0,0,0,0,0,0,0,0,0,0,0,0,0,0,1,1,4623.69
16.23,4000,3,5,0,1,1,0,0,0,0,0,0,0,1,0,0,1,0,0,0,1,0,1,13187.56
17.71,2500,4,18,0,2,0,1,0,1,0,0,0,0,0,0,0,1,0,1,0,0,0,1,7820.82
18.15,5000,1,7,0,2,0,1,0,0,0,0,0,0,0,0,0,1,1,0,0,0,0,1,12429.81
13.23,1000,1,19,0,2,0,0,0,0,1,0,0,0,0,0,0,1,0,1,0,0,0,0,5701.0
16.37,1500,3,17,0,1,0,0,0,0,0,0,0,0,0,1,0,0,0,1,0,0,0,1,4903.81
23.71,5000,1,12,1,0,0,0,0,0,0,0,0,0,1,0,0,0,1,0,0,0,0,1,13693.74
20.58,3000,3,20,0,1,0,1,0,0,0,0,0,0,0,0,0,1,0,0,0,0,1,1,8442.82
23.05,3000,3,11,1,2,0,1,0,0,0,0,0,0,1,0,0,1,0,0,0,1,0,0,7839.77
19.45,4000,2,12,0,1,0,1,0,0,0,0,0,0,0,0,0,1,0,0,0,0,1,1,11120.4
29.9,4000,3,12,1,0,0,0,0,0,0,0,0,0,0,1,0,1,0,0,0,1,0,1,10558.32
19.98,1800,5,18,0,1,0,1,0,0,0,0,0,0,0,0,1,1,0,0,0,0,0,1,3242.53
14.61,1800,2,26,0,0,0,1,0,0,0,0,0,0,1,0,0,1,0,0,0,0,1,1,5841.05
7.32,2000,3,30,0,2,0,1,1,0,0,0,0,0,0,0,0,0,0,0,0,0,0,1,2039.13
21.45,3000,3,24,1,0,0,1,0,1,0,0,0,0,0,0,0,0,1,0,0,0,0,0,8103.51
12.49,2000,1,12,1,2,0,1,0,0,1,0,0,0,0,0,0,1,0,0,0,0,0,1,6846.98
27.63,2500,4,29,0,0,0,1,0,0,0,0,0,0,0,0,0,1,0,0,0,1,0,0,6240.11
23.68,800,5,2,0,2,0,1,0,0,0,0,0,0,0,0,0,0,1,0,0,0,0,1,6531.53
22.89,1200,4,12,1,0,0,1,1,0,0,0,0,0,0,0,0,1,0,0,1,0,0,0,6205.68
25.12,4000,3,25,0,2,0,1,0,0,0,0,0,0,1,0,0,1,0,1,0,0,0,1,7215.28
12.71,3000,5,5,1,0,0,1,0,0,0,0,0,0,0,0,0,1,0,0,0,0,1,1,6341.04
16.86,1800,5,3,0,0,0,0,0,1,0,0,0,0,0,0,0,0,0,0,1,0,0,0,5380.06
13.59,1500,4,12,0,2,0,0,1,0,0,0,0,0,0,0,0,1,0,0,0,0,0,0,5216.99
26.8,5000,3,8,0,0,0,0,0,0,0,0,0,0,0,1,0,0,0,0,0,0,1,1,11392.44
16.23,1200,5,22,0,0,0,1,0,0,0,1,0,0,0,0,0,1,0,0,1,0,0,1,3479.97
13.78,5000,5,20,1,2,0,1,0,0,0,0,1,0,0,0,0,1,0,1,0,0,0,1,6844.54
12.48,5000,3,10,0,1,0,1,0,0,0,1,0,0,0,0,0,1,0,0,1,0,0,1,10638.7
16.07,4000,1,23,1,1,0,0,0,0,0,0,0,1,0,0,0,1,1,0,0,0,0,1,8078.36
26.7,5000,5,23,0,0,0,0,0,0,0,0,1,0,0,0,0,0,0,0,0,0,0,1,11400.0
19.54,1000,2,26,0,1,0,0,0,0,0,0,0,0,0,0,0,1,0,1,0,0,0,0,5014.94
20.77,2500,1,25,1,2,0,0,0,0,1,0,0,0,0,0,0,1,1,0,0,0,0,1,7645.76
22.28,1800,5,13,1,0,0,0,0,0,0,0,0,0,0,1,0,1,0,1,0,0,0,0,6644.58
26.5,2000,5,26,0,1,1,0,0,1,0,0,0,0,0,0,0,0,1,0,0,0,0,1,7768.13
17.13,1800,1,5,0,0,0,1,0,0,0,0,0,0,1,0,0,1,0,0,0,0,1,1,8527.78
19.08,2500,2,27,1,0,0,0,0,0,0,0,0,0,0,0,1,1,0,0,0,1,0,1,6099.42
18.81,5000,1,18,0,2,0,1,0,0,0,0,0,0,0,0,0,0,0,0,0,1,0,1,11634.09
25.11,3000,2,13,0,2,1,0,0,0,0,0,0,0,0,0,1,0,0,0,1,0,0,1,14276.8
9.74,1200,1,3,1,1,0,1,0,0,0,0,0,0,0,0,0,1,0,0,0,0,1,1,7231.18
21.86,2000,2,13,0,1,0,1,0,0,0,0,1,0,0,0,0,0,0,0,0,1,0,1,6485.07
13.01,2000,3,9,1,2,0,1,0,0,0,0,0,0,0,1,0,0,1,0,0,0,0,0,5761.78
25.33,1500,3,14,0,2,0,1,0,0,0,0,0,0,1,0,0,1,0,0,0,0,0,1,7950.75
19.07,1800,5,2,1,2,0,0,0,1,0,0,0,0,0,0,0,0,0,0,0,0,1,0,8141.27
14.88,2000,1,13,1,1,1,0,0,0,0,0,0,0,0,1,0,1,0,1,0,0,0,1,11084.23
15.67,1800,5,5,1,0,0,1,0,0,0,0,0,0,0,0,0,1,1,0,0,0,0,1,6962.45
14.35,2000,5,7,0,1,0,1,0,0,0,0,1,0,0,0,0,1,0,0,1,0,0,1,5459.17
11.99,2000,2,7,0,1,0,0,0,1,0,0,0,0,0,0,0,0,0,0,1,0,0,1,6500.45
21.29,4000,4,6,1,1,0,0,0,0,0,0,0,0,0,1,0,0,0,0,1,0,0,0,11494.76
24.85,3000,4,22,1,1,0,0,0,0,0,1,0,0,0,0,0,0,1,0,0,0,0,0,7920.19
10.07,1000,4,24,0,1,0,1,1,0,0,0,0,0,0,0,0,0,1,0,0,0,0,1,2305.38
22.95,4000,1,2,1,2,0,0,1,0,0,0,0,0,0,0,0,1,0,1,0,0,0,1,14401.79
9.94,1500,5,28,0,2,0,1,0,0,0,0,0,0,0,1,0,1,0,0,0,0,1,1,1162.41
17.24,1500,1,2,0,2,0,0,0,0,1,0,0,0,0,0,0,1,0,1,0,0,0,1,8485.32
22.56,5000,5,28,0,0,0,1,0,0,0,0,1,0,0,0,0,1,0,0,0,0,0,1,8465.42
15.71,800,3,30,0,0,0,0,0,0,0,0,0,0,0,0,0,1,0,0,0,0,0,1,1415.64
11.31,1500,1,27,0,1,0,0,1,0,0,0,0,0,0,0,0,1,0,0,1,0,0,1,4164.04
13.23,5000,4,14,0,2,0,0,0,0,0,0,0,0,0,0,1,0,1,0,0,0,0,1,11042.77
9.17,1800,1,12,1,2,0,1,0,0,0,0,0,0,0,1,0,0,0,0,0,0,1,1,6283.2
14.64,1500,1,5,0,2,0,1,0,0,0,0,0,0,0,0,0,1,0,1,0,0,0,1,8847.76
17.1,1200,1,24,0,1,1,0,0,0,0,0,0,1,0,0,0,0,0,0,1,0,0,1,8724.23
15.1,5000,2,13,0,2,0,1,1,0,0,0,0,0,0,0,0,0,1,0,0,0,0,1,13285.34
16.47,1800,1,5,0,2,0,0,0,0,0,0,0,0,0,1,0,1,0,0,0,0,0,0,9165.24
14.7,1000,5,26,0,1,0,0,0,0,0,0,0,0,0,1,0,0,0,0,0,0,1,0,1471.29
18.81,4000,3,30,1,2,0,1,0,0,0,0,0,0,0,0,1,1,0,1,0,0,0,1,6959.19
14.84,3000,2,2,0,2,0,1,0,0,0,1,0,0,0,0,0,0,0,0,0,0,1,1,10344.69
22.26,1500,5,27,1,0,0,0,1,0,0,0,0,0,0,0,0,1,0,0,0,0,1,1,3771.63
19.02,5000,3,3,0,1,0,1,0,0,0,0,1,0,0,0,0,1,0,0,1,0,0,1,12248.12
18.03,4000,5,24,0,1,0,1,1,0,0,0,0,0,0,0,0,0,0,0,1,0,0,1,7458.9
9.41,1800,2,5,0,2,0,1,0,0,1,0,0,0,0,0,0,0,0,0,0,0,0,1,5375.33
24.05,2000,5,18,1,2,0,0,0,0,0,0,0,0,0,0,1,1,0,0,0,0,1,0,7956.66
22.83,5000,5,14,1,1,0,1,0,0,0,0,0,0,0,0,0,1,0,0,1,0,0,1,11129.05
13.49,1800,4,11,0,2,0,1,0,0,1,0,0,0,0,0,0,1,0,0,1,0,0,1,5000.61
19.5,1500,4,6,0,2,0,0,0,0,0,0,0,1,0,0,0,0,1,0,0,0,0,0,6551.86
13.19,1200,1,4,0,0,0,1,1,0,0,0,0,0,0,0,0,1,0,0,1,0,0,1,7863.12
16.06,4000,3,13,0,2,0,1,0,0,0,0,0,0,0,1,0,0,0,0,1,0,0,1,9167.03
24.94,2000,3,11,0,2,0,0,0,0,0,0,0,0,0,0,0,0,0,1,0,0,0,1,6305.45
13.17,1200,1,14,0,2,0,1,1,0,0,0,0,0,0,0,0,1,0,0,0,0,1,1,5708.22
19.89,5000,3,11,0,2,0,0,0,0,1,0,0,0,0,0,0,0,0,0,0,0,0,1,13433.45
16.67,1000,2,27,0,2,0,0,0,0,0,0,1,0,0,0,0,1,1,0,0,0,0,0,2578.19
13.66,1800,4,26,0,0,0,1,0,0,0,0,0,0,0,1,0,1,0,0,0,0,0,0,4599.98
13.15,5000,5,3,0,2,0,0,0,0,0,0,0,0,1,0,0,1,0,0,0,0,1,0,9385.56
18.04,2000,1,7,0,2,0,0,0,0,0,0,0,0,1,0,0,1,0,0,1,0,0,1,10013.68
21.55,1800,1,5,0,2,0,1,0,0,0,0,0,1,0,0,0,0,1,0,0,0,0,1,8723.24
21.35,1200,2,7,0,2,0,1,0,1,0,0,0,0,0,0,0,1,0,0,0,0,0,1,7830.5
16.84,1500,2,10,1,2,0,1,0,0,0,0,1,0,0,0,0,0,1,0,0,0,0,1,8069.7
12.13,800,4,22,0,0,0,1,0,0,0,0,0,0,0,0,0,0,0,0,0,0,1,1,3470.5
9.95,1800,5,13,0,1,0,0,0,0,0,1,0,0,0,0,0,1,0,0,1,0,0,1,5216.98
15.1,5000,3,16,1,2,1,0,0,0,1,0,0,0,0,0,0,0,0,0,1,0,0,1,13269.89
21.22,2000,4,23,1,2,0,1,0,0,0,1,0,0,0,0,0,1,0,1,0,0,0,1,5661.18
14.78,1800,1,8,0,0,1,0,1,0,0,0,0,0,0,0,0,1,0,0,0,0,1,1,12077.81
12.51,1800,5,9,1,2,1,0,0,0,0,0,0,1,0,0,0,1,0,0,0,0,0,1,9666.39
17.62,1000,1,13,1,2,0,1,0,0,0,1,0,0,0,0,0,1,0,0,0,0,0,1,5203.03
16.35,1800,4,13,1,2,0,0,0,0,0,0,0,0,0,0,0,1,0,0,0,0,1,1,5442.05
21.8,5000,4,19,0,0,0,1,0,0,0,0,0,0,0,0,1,1,0,1,0,0,0,1,10641.55
13.77,5000,2,14,1,2,0,1,0,0,0,0,0,0,0,0,1,0,1,0,0,0,0,1,9824.74
21.84,1000,2,26,0,0,0,0,0,0,0,0,0,0,0,0,0,1,0,0,0,0,0,1,6034.72
19.05,1500,1,16,1,2,0,0,0,0,0,0,0,1,0,0,0,1,1,0,0,0,0,1,7750.43
14.11,5000,1,28,0,2,0,1,1,0,0,0,0,0,0,0,0,1,0,1,0,0,0,1,10068.63
25.54,1800,3,3,0,2,0,0,0,0,0,0,1,0,0,0,0,1,0,0,0,0,1,0,8298.86
24.32,1800,5,8,0,0,0,1,0,0,0,0,0,0,1,0,0,1,0,0,0,0,1,1,5930.19
14.67,1800,5,9,1,0,0,0,0,0,0,0,0,0,0,0,1,1,0,0,0,0,1,1,6915.31
15.56,2500,4,4,0,2,0,1,0,0,0,0,0,0,0,0,1,1,0,1,0,0,0,1,8148.6
16.95,1200,1,11,0,0,0,0,0,0,0,1,0,0,0,0,0,1,0,0,1,0,0,1,6415.25
17.15,1500,5,14,0,2,0,1,0,0,0,0,0,0,0,0,0,0,0,0,0,0,0,1,4996.28
22.03,2000,4,26,0,2,0,0,0,0,0,0,0,0,0,1,0,1,0,0,0,1,0,1,6024.41
22.79,1500,1,29,0,2,0,0,0,0,0,0,0,0,0,0,1,0,0,0,1,0,0,1,4558.78
22.32,1200,3,18,0,2,0,1,0,0,0,1,0,0,0,0,0,0,0,0,0,0,0,1,5183.78
16.41,4000,1,9,0,2,0,0,0,0,0,0,0,0,0,0,0,1,0,1,0,0,0,1,11012.98
25.56,800,4,15,1,1,0,0,0,0,0,0,1,0,0,0,0,0,1,0,0,0,0,1,6439.39
9.62,5000,5,8,1,0,0,0,0,0,0,0,0,0,0,1,0,0,0,1,0,0,0,1,10611.45
14.21,1500,3,4,0,1,0,0,0,0,0,1,0,0,0,0,0,0,1,0,0,0,0,1,8583.55
5.0,1800,1,11,0,0,0,0,0,0,0,0,0,1,0,0,0,0,1,0,0,0,0,1,5837.05
17.82,1000,3,17,1,2,0,1,0,0,0,0,0,0,0,0,1,1,0,0,0,1,0,1,5736.35
21.82,1800,1,12,0,2,0,1,0,0,1,0,0,0,0,0,0,0,0,1,0,0,0,1,9200.45
20.4,800,5,28,1,2,0,0,0,0,0,0,0,1,0,0,0,0,1,0,0,0,0,1,1565.97
19.52,1000,5,15,1,2,0,1,0,0,0,0,0,0,1,0,0,0,0,0,0,0,1,1,5043.87
23.29,2000,1,30,0,1,0,1,0,0,0,1,0,0,0,0,0,1,0,0,1,0,0,1,6519.35
14.13,800,2,14,0,2,0,1,0,1,0,0,0,0,0,0,0,0,1,0,0,0,0,0,5236.04
21.52,1800,1,16,1,0,0,1,0,0,1,0,0,0,0,0,0,0,0,0,0,0,0,1,6978.91
15.97,1800,1,15,0,2,0,0,0,0,0,1,0,0,0,0,0,0,0,0,1,0,0,1,8663.88
19.08,2500,1,5,1,2,0,0,0,0,0,0,1,0,0,0,0,1,0,1,0,0,0,1,11210.38
5.64,5000,4,30,0,1,0,1,0,0,0,0,0,0,1,0,0,0,1,0,0,0,0,1,9395.93
21.86,1800,3,7,1,2,0,1,0,0,0,0,1,0,0,0,0,0,0,0,0,1,0,1,9274.12
13.95,3000,1,9,0,1,0,1,0,0,0,0,0,0,0,0,0,0,0,0,0,0,1,1,9386.43
18.49,3000,5,28,1,2,0,0,0,0,0,1,0,0,0,0,0,0,0,0,0,1,0,1,4476.18
9.37,800,2,14,0,0,0,1,0,0,0,0,0,1,0,0,0,1,0,0,0,1,0,1,3965.5
15.21,1500,5,5,1,0,1,0,0,0,0,0,0,0,1,0,0,0,1,0,0,0,0,1,8725.8
10.78,1500,5,20,0,2,0,1,0,0,0,0,1,0,0,0,0,1,0,0,1,0,0,1,4840.25
15.75,5000,3,23,1,1,0,0,0,1,0,0,0,0,0,0,0,0,0,0,0,0,1,1,7844.51
13.88,1800,3,12,0,1,0,0,0,0,1,0,0,0,0,0,0,0,0,0,0,1,0,1,5504.04
17.93,3000,2,2,0,1,0,0,0,0,0,0,0,0,0,0,0,1,0,0,0,0,1,0,10473.67
18.36,5000,1,5,0,1,0,1,0,0,0,0,0,0,0,0,1,0,0,0,0,1,0,1,13853.22
14.28,3000,3,16,1,2,0,0,1,0,0,0,0,0,0,0,0,1,0,1,0,0,0,1,6491.54
24.25,800,1,30,1,2,0,0,0,0,0,0,0,0,0,0,0,1,1,0,0,0,0,1,4311.54
16.99,3000,4,8,0,1,0,1,0,0,0,0,1,0,0,0,0,0,0,0,0,0,0,1,7750.85
18.22,3000,4,30,0,2,0,0,1,0,0,0,0,0,0,0,0,1,0,0,1,0,0,1,4916.21
7.19,4000,2,22,0,2,1,0,0,1,0,0,0,0,0,0,0,0,0,0,0,0,0,1,10713.11
17.15,1800,1,9,0,2,0,0,0,0,1,0,0,0,0,0,0,1,0,1,0,0,0,1,7248.79
22.23,4000,2,13,0,0,0,0,1,0,0,0,0,0,0,0,0,0,0,0,0,0,1,1,12518.91
10.47,3000,2,22,0,2,1,0,0,0,0,0,0,0,0,0,1,1,0,0,1,0,0,1,9854.95
20.86,1800,1,23,1,1,0,0,0,0,1,0,0,0,0,0,0,1,0,0,0,1,0,1,7163.07
21.47,1000,4,22,0,0,0,0,0,0,0,0,0,0,0,0,1,1,0,0,0,0,1,1,3448.24
15.46,1000,5,8,0,2,0,0,0,0,0,0,0,0,0,0,1,1,0,0,0,0,0,0,4165.9
5.0,3000,4,11,0,2,0,1,0,0,0,1,0,0,0,0,0,1,1,0,0,0,0,1,5295.71
18.67,800,4,12,1,0,0,1,0,0,0,0,0,0,1,0,0,1,0,0,0,1,0,0,5358.29
16.34,1000,3,5,1,0,1,0,0,0,1,0,0,0,0,0,0,0,0,0,1,0,0,1,9614.2
12.45,800,2,29,0,1,0,1,0,0,0,0,0,0,0,1,0,1,0,0,1,0,0,1,2540.78
20.12,2000,5,30,1,2,0,0,0,0,0,0,1,0,0,0,0,0,0,0,0,0,0,1,3766.8
19.55,1000,3,25,0,2,0,1,0,1,0,0,0,0,0,0,0,1,0,1,0,0,0,1,4589.05
16.5,3000,2,14,0,2,0,0,0,0,0,0,0,0,1,0,0,0,0,0,0,1,0,1,8617.2
18.21,800,1,24,0,1,0,0,0,0,1,0,0,0,0,0,0,1,0,0,0,0,0,1,6757.5
6.11,2000,2,3,0,2,0,1,0,0,0,0,0,0,0,0,1,1,0,0,0,0,1,1,7475.22
16.07,1500,5,26,0,1,0,1,0,0,0,0,0,0,0,0,0,1,0,0,0,0,0,1,4143.62
10.21,2500,5,17,1,2,0,1,0,0,0,0,0,1,0,0,0,0,0,0,0,0,1,1,4405.18
13.1,5000,1,6,1,2,0,1,0,0,0,0,0,0,0,1,0,1,0,0,0,0,0,0,13581.58
20.42,5000,2,24,1,2,0,0,0,0,0,0,0,0,0,0,0,0,0,1,0,0,0,1,10268.39
16.18,1000,1,8,0,0,0,1,0,0,0,0,1,0,0,0,0,1,0,1,0,0,0,1,6592.94
21.27,3000,3,16,0,2,0,0,0,0,1,0,0,0,0,0,0,0,0,1,0,0,0,1,9272.8
15.68,1800,3,26,1,2,0,0,0,0,0,0,0,0,0,0,1,1,0,0,0,0,0,0,4969.86
22.07,1500,4,6,0,2,1,0,0,0,0,1,0,0,0,0,0,1,0,0,0,1,0,1,9454.58
22.93,4000,1,12,0,1,0,1,1,0,0,0,0,0,0,0,0,1,0,0,0,0,1,1,11412.76
16.74,4000,4,5,1,2,0,1,0,1,0,0,0,0,0,0,0,1,0,1,0,0,0,0,10741.0
24.96,1200,5,14,0,1,0,1,0,0,0,0,0,1,0,0,0,0,0,0,0,0,1,1,4868.32
23.7,4000,2,20,0,1,1,0,1,0,0,0,0,0,0,0,0,0,0,0,0,0,0,1,12270.05
15.94,1500,2,4,0,0,0,0,0,0,0,0,1,0,0,0,0,1,0,0,1,0,0,1,7837.26
6.79,1800,5,2,0,2,1,0,1,0,0,0,0,0,0,0,0,0,0,0,1,0,0,1,8647.56
6.8,2000,1,17,0,2,0,1,0,1,0,0,0,0,0,0,0,1,0,0,0,0,0,1,8211.62
23.69,1800,5,11,1,2,0,1,0,0,0,0,0,0,1,0,0,1,1,0,0,0,0,1,6649.47
15.64,1000,3,11,0,2,0,0,0,0,0,0,0,0,0,1,0,1,1,0,0,0,0,1,4614.89
23.55,2000,2,19,0,2,0,1,0,0,0,0,0,1,0,0,0,0,0,0,0,0,1,1,6061.99
16.73,5000,3,2,1,1,0,0,0,0,0,1,0,0,0,0,0,1,0,0,0,0,0,1,14515.59
23.0,1800,1,15,1,2,0,1,0,0,0,0,0,0,1,0,0,1,0,1,0,0,0,1,6928.17
18.82,1200,1,7,0,2,0,1,0,0,0,0,0,0,0,0,1,1,0,0,0,0,1,1,8155.76
18.2,4000,4,24,0,2,0,1,0,0,0,0,0,0,0,0,0,1,0,0,0,0,0,1,8887.22
5.0,800,2,12,1,1,1,0,0,0,0,0,0,0,0,0,0,0,0,0,0,0,0,1,7926.65
13.56,1500,4,8,1,0,0,1,0,0,1,0,0,0,0,0,0,1,0,1,0,0,0,1,6193.9
24.79,1000,4,2,1,0,0,0,0,0,0,1,0,0,0,0,0,0,0,0,1,0,0,1,7934.14
19.1,5000,2,23,0,1,0,0,0,0,0,0,0,0,0,0,0,0,0,0,0,0,1,1,11206.2
18.34,1500,2,16,0,0,0,1,0,0,0,0,0,0,0,0,0,1,0,0,0,0,1,1,7222.13
8.65,800,4,21,1,2,0,1,0,0,0,0,0,0,0,1,0,1,1,0,0,0,0,1,1967.1
17.09,1500,2,30,0,2,0,1,0,0,0,0,0,0,0,1,0,1,0,0,0,1,0,1,4162.97
22.6,1500,3,14,1,2,0,0,0,0,0,0,0,0,0,1,0,1,0,0,0,0,0,0,6549.19
16.1,1500,3,21,0,0,0,0,0,0,0,1,0,0,0,0,0,1,0,0,0,0,0,0,4484.52
21.59,2000,1,2,0,1,0,0,0,0,0,0,0,0,0,0,0,0,1,0,0,0,0,1,9658.17
24.98,1200,1,15,1,2,0,0,0,1,0,0,0,0,0,0,0,1,0,0,0,0,0,1,5508.35
20.78,4000,5,3,0,0,0,0,0,1,0,0,0,0,0,0,0,1,0,0,0,0,1,1,10771.45
12.8,2000,5,14,0,1,0,0,0,0,0,0,0,1,0,0,0,0,0,1,0,0,0,1,3695.61
18.14,4000,5,27,1,1,0,1,0,0,0,0,1,0,0,0,0,1,0,1,0,0,0,1,6249.68
20.67,800,5,4,0,1,0,0,0,1,0,0,0,0,0,0,0,1,0,0,0,0,1,1,6451.28
16.79,5000,4,19,0,0,0,1,0,1,0,0,0,0,0,0,0,0,0,1,0,0,0,0,9087.55
26.86,2500,5,24,1,2,0,1,0,0,0,0,0,0,0,0,0,1,0,0,0,0,1,0,5602.11
19.76,1000,3,16,0,1,0,0,0,1,0,0,0,0,0,0,0,0,0,0,1,0,0,1,2903.7
9.13,1500,4,14,0,2,0,1,0,0,0,0,0,0,1,0,0,1,0,0,0,0,0,1,4255.75
18.73,4000,1,9,0,2,0,0,0,0,0,0,0,0,0,0,1,1,0,1,0,0,0,0,11387.26
20.52,4000,1,15,0,0,0,0,1,0,0,0,0,0,0,0,0,1,0,0,1,0,0,1,12177.66
18.14,2000,1,11,0,2,0,0,0,0,0,0,1,0,0,0,0,1,0,1,0,0,0,1,8527.2
23.14,4000,5,25,0,0,0,1,0,0,0,0,0,0,0,0,0,1,0,0,0,0,1,0,7370.67
13.66,1500,4,16,1,1,0,1,0,1,0,0,0,0,0,0,0,1,0,0,0,0,0,1,3790.47
25.66,1000,4,25,1,2,0,0,0,0,1,0,0,0,0,0,0,0,0,0,0,1,0,1,3285.48
23.74,3000,2,6,1,0,0,0,1,0,0,0,0,0,0,0,0,1,0,0,0,0,1,0,10363.98
16.24,3000,2,8,0,1,0,1,0,0,0,0,0,1,0,0,0,1,0,1,0,0,0,1,9361.89
16.59,1500,5,27,1,2,0,0,0,1,0,0,0,0,0,0,0,0,0,0,1,0,0,0,2816.82
24.44,3000,1,14,0,2,0,0,0,1,0,0,0,0,0,0,0,0,0,1,0,0,0,0,10809.82
14.97,1500,1,3,0,1,0,0,0,0,0,0,0,0,0,0,1,1,0,1,0,0,0,0,6195.7
13.46,1800,2,3,0,1,0,1,0,0,1,0,0,0,0,0,0,0,0,0,0,0,1,1,6706.33
12.62,1000,2,8,0,1,0,0,0,0,0,1,0,0,0,0,0,0,0,0,0,0,0,0,4485.01
17.1,3000,4,20,0,2,0,1,0,0,0,0,0,0,0,0,0,0,0,0,1,0,0,0,6696.62
20.22,800,2,3,0,0,0,1,0,0,0,0,0,0,0,1,0,0,0,0,0,0,1,0,6895.23
10.52,2500,2,13,0,1,0,1,0,0,0,0,0,0,0,0,0,1,0,0,1,0,0,1,7441.47
16.67,1800,1,21,0,2,0,0,0,0,1,0,0,0,0,0,0,0,0,0,0,1,0,1,6142.73
11.92,1200,5,29,0,2,0,0,0,0,0,0,1,0,0,0,0,0,0,0,1,0,0,1,1593.31
18.65,4000,2,2,1,2,0,1,0,0,0,0,0,0,0,0,1,1,0,1,0,0,0,1,11806.39
14.12,1200,1,29,1,1,0,0,0,0,0,0,0,1,0,0,0,1,0,0,0,1,0,0,5248.58
13.11,2500,1,27,0,2,0,0,0,0,0,0,0,0,0,0,1,1,0,0,0,1,0,1,4584.21
19.97,800,3,19,0,2,0,0,0,0,0,0,0,1,0,0,0,0,0,0,0,0,0,1,3729.78
30.83,3000,3,8,0,1,0,1,0,0,0,0,0,0,0,0,1,0,0,1,0,0,0,1,10948.24
21.13,2500,2,18,0,0,0,1,0,1,0,0,0,0,0,0,0,0,0,0,0,0,0,1,6610.59
26.79,1500,1,27,1,2,0,1,0,0,0,0,0,0,0,0,1,0,0,0,0,0,1,1,7656.53
26.26,1800,5,2,1,2,0,0,0,0,0,0,0,1,0,0,0,1,0,1,0,0,0,1,7721.47
13.6,800,3,24,0,1,0,1,0,0,0,0,0,0,0,0,1,0,1,0,0,0,0,1,2864.36
17.94,2500,4,29,1,2,0,0,0,0,0,0,0,0,0,0,0,0,0,1,0,0,0,1,4914.63
16.66,2000,2,5,1,0,0,1,0,1,0,0,0,0,0,0,0,0,0,0,0,0,1,1,8863.96
16.38,5000,5,10,0,2,1,0,0,0,0,0,0,0,0,0,0,0,0,1,0,0,0,1,13054.69
21.33,800,1,24,1,2,0,1,0,0,0,0,0,0,0,0,0,0,0,0,0,0,1,1,7017.79
12.96,5000,3,30,0,1,1,0,0,0,0,0,0,0,0,0,1,1,0,0,0,0,0,0,12076.51
20.13,5000,4,24,0,2,0,1,0,0,0,0,0,0,1,0,0,1,0,1,0,0,0,1,11620.96
16.33,1500,5,10,0,2,0,1,0,0,0,0,0,0,0,0,1,0,0,0,0,0,0,1,3450.29
14.0,3000,1,10,0,2,0,0,0,0,0,0,0,0,0,0,0,0,1,0,0,0,0,1,9236.2
21.82,5000,1,13,0,2,0,1,0,0,0,0,0,0,0,0,1,1,0,0,0,0,1,1,12977.2
17.6,1500,5,11,1,1,0,0,0,0,0,0,0,1,0,0,0,0,0,0,0,0,1,1,6297.96
21.67,1200,1,16,0,0,0,0,0,0,0,0,0,0,0,1,0,0,1,0,0,0,0,1,8385.51
18.1,2000,4,8,0,0,0,1,1,0,0,0,0,0,0,0,0,1,0,0,0,1,0,1,8359.75
21.12,3000,3,25,0,1,0,0,0,0,0,0,0,0,1,0,0,1,0,1,0,0,0,1,6105.28
16.95,1500,2,8,1,1,0,1,0,0,0,0,0,0,0,0,0,1,0,0,0,0,1,1,6222.08
10.91,5000,3,27,0,0,0,1,0,0,0,0,0,1,0,0,0,1,0,0,0,1,0,1,8100.08
13.2,2000,1,13,0,0,1,0,0,0,1,0,0,0,0,0,0,1,0,0,0,0,0,0,9407.27
14.46,1500,2,21,0,1,0,1,0,0,0,0,0,1,0,0,0,1,1,0,0,0,0,0,4017.65
17.76,800,2,22,1,1,0,1,0,0,0,0,0,0,1,0,0,0,1,0,0,0,0,1,2278.41
15.29,3000,3,30,1,2,0,0,0,0,0,0,0,0,0,1,0,1,0,1,0,0,0,1,3994.74
12.42,4000,4,8,1,0,0,0,0,0,0,0,0,0,1,0,0,0,0,0,0,0,1,1,9499.05
8.98,5000,3,26,1,2,0,0,1,0,0,0,0,0,0,0,0,0,0,1,0,0,0,1,8449.52
6.18,5000,2,2,1,0,0,1,0,0,0,0,0,0,0,1,0,1,0,0,0,0,0,0,10534.84
16.07,2000,2,29,1,2,0,0,0,0,0,0,0,0,1,0,0,1,0,0,0,1,0,1,2412.33
25.22,5000,5,14,0,2,0,0,0,0,0,0,0,0,0,0,1,1,1,0,0,0,0,1,11341.19
17.21,4000,2,14,0,2,0,0,0,0,0,0,0,0,0,0,1,1,0,0,0,0,1,1,10200.91
20.66,1800,4,17,1,2,1,0,0,1,0,0,0,0,0,0,0,1,0,1,0,0,0,1,8997.56
16.52,800,1,19,0,2,0,1,0,0,0,1,0,0,0,0,0,1,0,0,0,0,0,1,4708.24
17.47,3000,3,19,0,2,0,1,0,0,0,0,0,1,0,0,0,1,0,0,0,1,0,1,7760.97
16.18,1000,1,17,1,2,0,0,0,0,0,0,0,0,0,0,0,1,0,1,0,0,0,1,6130.92
20.58,5000,4,3,1,1,0,1,0,0,0,1,0,0,0,0,0,0,0,0,0,0,0,1,14400.74
24.51,1000,4,16,1,2,0,0,0,0,1,0,0,0,0,0,0,0,0,0,1,0,0,1,6581.27
19.82,1500,3,2,0,1,0,0,0,0,1,0,0,0,0,0,0,1,0,0,0,0,1,1,6927.74
19.13,800,3,13,0,2,1,0,0,0,0,0,0,0,0,1,0,0,0,0,0,0,0,1,7425.29
14.74,800,1,30,0,1,0,0,0,0,0,0,0,0,0,1,0,0,0,0,1,0,0,1,3407.74
8.95,1800,1,5,0,2,0,0,0,0,0,0,0,0,1,0,0,1,0,0,1,0,0,1,8633.94
11.9,3000,5,8,1,1,0,0,0,0,0,0,0,0,0,0,1,1,0,0,1,0,0,0,7302.32
22.07,5000,2,29,1,2,0,0,0,0,0,0,0,0,0,0,0,1,0,0,0,0,0,1,9075.29
18.63,1500,1,8,0,2,0,0,0,0,0,1,0,0,0,0,0,1,0,0,0,1,0,0,7450.31
18.77,1800,4,15,1,2,0,1,0,0,0,0,0,0,1,0,0,0,0,0,0,0,0,0,5123.3
18.53,2000,3,8,0,2,0,0,0,0,0,0,0,0,0,0,1,0,0,0,0,1,0,0,8344.08
5.0,4000,4,19,0,2,1,0,0,0,0,0,0,1,0,0,0,1,0,1,0,0,0,1,10453.62
18.68,1800,3,17,1,0,0,1,0,0,0,0,0,0,0,0,1,0,0,0,1,0,0,1,5667.7
20.2,4000,2,11,0,2,0,0,1,0,0,0,0,0,0,0,0,0,0,0,0,0,1,1,10156.12
20.07,1500,2,13,0,2,0,1,0,0,0,1,0,0,0,0,0,1,1,0,0,0,0,1,7574.04
17.75,2000,1,3,1,2,0,1,1,0,0,0,0,0,0,0,0,0,1,0,0,0,0,1,8844.53
22.98,1500,2,18,0,2,0,0,0,0,1,0,0,0,0,0,0,0,1,0,0,0,0,1,5673.74
19.99,2000,2,11,1,2,0,0,0,0,1,0,0,0,0,0,0,1,0,0,0,1,0,1,6987.8
27.77,2000,4,25,0,2,0,1,0,0,0,0,0,0,0,0,0,1,0,0,0,0,1,1,6712.64
23.33,1200,4,18,0,2,1,0,0,0,0,0,0,1,0,0,0,1,0,0,0,0,1,0,8092.42
23.18,4000,5,11,0,1,0,0,0,0,0,0,0,0,0,0,1,0,0,0,0,0,1,1,9236.48
15.92,1800,2,17,0,2,0,1,0,0,0,0,0,1,0,0,0,1,0,1,0,0,0,1,4948.26
18.37,1200,2,25,1,2,0,0,0,0,1,0,0,0,0,0,0,1,1,0,0,0,0,1,4768.41
18.87,3000,3,5,0,0,0,1,0,0,0,0,0,1,0,0,0,1,0,0,0,0,1,1,8861.61
23.69,800,4,8,1,0,0,0,0,0,0,0,0,0,0,0,1,1,0,1,0,0,0,1,5717.16
20.02,2500,2,28,1,1,0,0,0,0,0,0,0,0,0,0,0,0,0,1,0,0,0,1,6510.29
17.57,2500,4,27,1,2,0,0,0,0,0,0,0,0,0,0,0,1,0,1,0,0,0,1,4124.94
17.81,2500,3,21,0,2,0,0,0,0,0,0,0,0,1,0,0,0,0,1,0,0,0,0,5806.41
12.4,1500,5,24,0,1,1,0,1,0,0,0,0,0,0,0,0,0,0,1,0,0,0,1,7736.43
29.08,1500,3,20,0,2,0,0,0,0,1,0,0,0,0,0,0,1,0,0,0,0,1,1,6732.29
20.59,2500,5,28,1,0,0,1,0,0,0,0,0,0,1,0,0,0,0,0,1,0,0,1,5418.95
18.28,1500,1,19,0,2,0,1,0,0,0,0,0,0,0,1,0,1,0,0,1,0,0,1,5159.76
26.51,800,5,18,0,2,0,1,0,0,0,0,1,0,0,0,0,0,0,1,0,0,0,0,2867.01
5.28,1200,4,10,0,2,0,0,0,0,0,0,0,0,1,0,0,1,0,0,0,0,0,1,3655.47
6.18,2500,2,21,0,0,0,1,0,0,1,0,0,0,0,0,0,0,0,0,0,1,0,1,6981.57
13.86,1500,2,19,0,0,0,1,0,0,1,0,0,0,0,0,0,1,0,1,0,0,0,0,5319.96
20.97,1200,4,26,1,2,0,0,0,0,0,0,1,0,0,0,0,1,1,0,0,0,0,0,3241.14
21.48,1200,2,5,1,0,0,1,0,0,1,0,0,0,0,0,0,0,1,0,0,0,0,1,9022.51
15.56,5000,4,19,0,0,0,1,0,0,0,1,0,0,0,0,0,0,0,1,0,0,0,1,9415.48
20.99,2000,2,28,1,0,0,0,0,0,0,0,1,0,0,0,0,1,1,0,0,0,0,0,5081.56
15.98,1500,4,14,1,2,0,1,0,0,0,0,0,0,0,0,1,1,1,0,0,0,0,1,3777.96
20.77,2500,1,24,0,0,0,1,0,0,0,0,0,0,1,0,0,0,0,0,0,0,1,1,7042.39
24.23,2000,4,20,0,1,0,0,0,0,0,0,0,0,0,0,0,1,1,0,0,0,0,1,6976.65
18.91,4000,2,16,1,2,1,0,0,0,0,0,0,0,0,1,0,0,1,0,0,0,0,1,10561.37
12.65,800,4,26,0,2,0,1,1,0,0,0,0,0,0,0,0,1,0,0,0,0,1,1,3009.93
25.79,1800,2,25,1,1,1,0,0,0,0,0,0,0,1,0,0,1,0,0,0,1,0,1,8794.33
14.79,5000,2,9,0,2,0,1,0,0,0,0,0,1,0,0,0,1,0,1,0,0,0,1,10873.69
19.55,2000,1,22,0,2,0,1,0,0,0,1,0,0,0,0,0,1,0,0,1,0,0,1,5122.42
22.68,3000,3,5,1,1,0,1,0,0,0,0,1,0,0,0,0,1,0,0,1,0,0,1,10557.24
26.8,2000,4,16,1,1,0,1,0,0,0,0,1,0,0,0,0,0,0,0,1,0,0,1,6690.69
24.89,4000,1,28,1,1,0,0,0,0,0,0,0,0,1,0,0,1,0,0,1,0,0,1,10195.1
12.38,1200,4,18,0,2,0,1,0,0,0,0,1,0,0,0,0,0,0,0,0,0,1,1,2366.58
19.02,3000,5,25,1,1,0,1,0,0,0,0,1,0,0,0,0,1,0,0,0,1,0,1,6723.22
11.97,1800,3,2,0,1,1,0,0,0,0,0,0,0,0,1,0,1,0,0,1,0,0,1,12194.16
11.95,5000,5,18,0,2,1,0,0,1,0,0,0,0,0,0,0,1,0,0,0,0,0,0,12556.1
12.45,1500,2,29,0,0,0,0,0,0,0,0,0,0,0,0,0,0,0,1,0,0,0,1,4294.6
21.95,1800,1,3,1,1,0,1,0,0,0,0,0,1,0,0,0,0,0,0,1,0,0,0,9817.08
24.05,2000,3,24,0,2,0,0,0,0,0,1,0,0,0,0,0,1,1,0,0,0,0,1,4784.05
10.52,3000,1,27,1,2,0,1,0,0,0,1,0,0,0,0,0,1,0,1,0,0,0,1,5823.76
16.8,1200,1,29,0,0,0,0,1,0,0,0,0,0,0,0,0,1,1,0,0,0,0,0,4508.98
26.59,3000,3,7,0,2,0,0,0,0,0,0,1,0,0,0,0,1,1,0,0,0,0,1,9921.66
13.8,1000,5,5,1,2,0,0,0,0,0,1,0,0,0,0,0,1,0,0,1,0,0,1,4953.33
23.07,2500,2,28,0,2,0,1,1,0,0,0,0,0,0,0,0,1,0,1,0,0,0,1,6815.87
17.96,2500,5,5,0,2,0,1,0,0,0,0,0,0,0,0,1,0,0,1,0,0,0,0,8601.11
21.31,1500,4,21,0,1,0,1,0,0,0,0,0,0,0,0,1,1,0,0,1,0,0,0,4398.84
13.49,2000,2,7,0,2,0,1,0,0,1,0,0,0,0,0,0,1,0,0,0,0,0,1,9132.14
18.63,1200,1,15,0,2,0,0,0,0,0,0,0,0,0,0,1,1,0,0,0,0,1,1,5752.19
18.75,1200,3,18,1,1,0,1,0,0,1,0,0,0,0,0,0,1,0,0,0,0,0,0,4798.85
7.6,1000,5,12,0,2,0,1,0,0,0,1,0,0,0,0,0,1,0,1,0,0,0,1,3748.45
22.94,1200,1,15,0,1,0,0,0,0,0,0,1,0,0,0,0,0,0,0,0,0,1,0,5571.67
13.52,4000,2,28,0,2,0,0,0,0,0,0,0,0,0,0,0,0,1,0,0,0,0,1,8657.9
19.99,800,1,18,0,2,0,1,0,0,0,1,0,0,0,0,0,1,0,0,0,0,1,0,4643.27
24.03,1500,4,3,0,2,0,0,0,0,0,0,0,1,0,0,0,1,0,0,0,0,0,1,8754.22
10.59,1800,2,24,0,1,0,1,0,0,0,0,0,0,1,0,0,0,1,0,0,0,0,1,5112.28
16.87,4000,5,18,0,0,0,0,0,0,0,0,0,0,0,0,1,0,1,0,0,0,0,1,8086.9
10.1,4000,1,22,0,1,0,1,0,0,0,0,0,0,1,0,0,1,1,0,0,0,0,1,7073.91
22.81,1500,1,20,1,0,0,1,0,0,0,0,1,0,0,0,0,1,0,1,0,0,0,1,5491.23
9.27,1000,1,4,0,2,0,1,0,0,1,0,0,0,0,0,0,0,0,0,0,0,0,1,6605.76
11.54,1500,2,25,0,2,0,1,0,0,0,0,0,1,0,0,0,1,0,0,1,0,0,1,3586.21
22.17,1000,3,18,1,1,0,0,0,0,0,1,0,0,0,0,0,0,0,0,0,0,1,1,5197.33
12.43,3000,5,14,0,2,0,0,0,0,0,0,0,0,0,0,0,0,0,0,1,0,0,1,8398.17
23.91,2000,2,3,0,2,0,0,0,0,0,0,0,0,0,1,0,1,0,0,0,1,0,1,9580.51
12.39,5000,4,26,0,2,0,1,0,0,1,0,0,0,0,0,0,1,0,0,0,0,1,1,11127.27
5.0,2500,1,11,1,2,0,0,0,0,0,0,0,0,0,0,1,0,0,0,1,0,0,1,7424.64
13.44,5000,1,9,0,0,0,0,0,0,0,0,0,0,0,1,0,1,0,1,0,0,0,1,12345.53
16.98,1000,4,5,1,0,0,1,0,0,0,0,0,0,0,1,0,1,0,0,1,0,0,0,5916.0
13.81,4000,4,11,1,2,0,1,0,0,0,0,0,0,0,0,0,0,0,1,0,0,0,0,8544.37
9.53,1000,5,26,0,2,0,1,0,0,0,0,1,0,0,0,0,1,0,0,0,1,0,1,1220.26
12.86,2000,2,5,0,2,0,1,0,0,0,0,0,0,0,0,0,1,1,0,0,0,0,1,9990.51
15.01,1500,4,24,1,1,0,0,0,0,0,0,1,0,0,0,0,1,0,0,0,0,0,1,2204.5
14.99,1000,1,25,1,1,1,0,0,0,0,0,0,0,0,1,0,1,0,0,1,0,0,1,7714.71
23.11,1800,4,22,1,2,0,0,0,0,0,0,1,0,0,0,0,1,0,0,0,0,0,1,5607.65
20.16,1800,5,27,1,1,0,0,0,0,1,0,0,0,0,0,0,0,0,0,0,0,0,1,4612.46
15.28,1200,4,6,1,2,0,0,0,0,0,0,0,0,1,0,0,0,1,0,0,0,0,1,4572.24
12.06,1200,4,6,1,1,0,0,0,0,0,0,1,0,0,0,0,1,0,0,0,0,0,1,5822.65
17.73,4000,1,26,1,1,1,0,0,0,0,0,1,0,0,0,0,1,1,0,0,0,0,0,10529.51
13.94,2000,2,15,1,2,0,1,0,0,0,0,0,1,0,0,0,1,0,1,0,0,0,1,6261.52
19.16,1200,2,19,0,1,0,0,0,0,0,0,0,0,0,0,1,0,0,0,1,0,0,1,3838.99
21.27,1800,4,6,0,1,1,0,0,0,0,0,0,1,0,0,0,1,0,0,0,0,1,1,11779.19
30.53,1800,1,18,0,1,0,1,0,0,0,1,0,0,0,0,0,0,0,1,0,0,0,1,5879.56
26.59,2500,1,8,1,2,0,0,0,0,0,0,0,0,1,0,0,1,0,0,0,0,1,0,9829.55
17.33,1500,2,11,1,1,1,0,1,0,0,0,0,0,0,0,0,1,0,1,0,0,0,0,10809.54
12.51,1500,5,27,0,1,0,0,0,1,0,0,0,0,0,0,0,0,0,0,0,0,0,1,2664.22
24.89,800,5,12,0,2,0,0,0,0,0,0,0,0,1,0,0,1,0,0,0,0,0,1,3975.78
17.37,2000,2,16,0,2,0,1,0,0,0,0,0,0,0,0,0,1,1,0,0,0,0,1,7609.62
18.2,3000,5,4,0,0,0,0,0,0,0,0,0,0,0,0,1,1,0,0,1,0,0,1,8868.1
20.85,1200,3,9,0,2,0,1,0,0,1,0,0,0,0,0,0,0,0,1,0,0,0,1,5222.84
23.88,800,5,9,0,2,1,0,0,0,0,0,0,0,1,0,0,0,0,0,0,1,0,1,8412.53
20.27,2000,5,17,0,2,0,1,0,0,0,0,0,0,0,0,0,0,0,1,0,0,0,0,5252.38
11.02,1800,2,14,0,1,0,1,0,0,0,0,0,0,1,0,0,1,0,0,0,0,1,1,6915.78
22.55,1200,1,15,0,0,0,1,0,0,0,0,0,1,0,0,0,0,0,1,0,0,0,1,7191.96
24.51,1200,1,22,0,2,0,1,0,1,0,0,0,0,0,0,0,0,0,0,0,0,0,1,5504.52
21.29,1000,3,19,0,1,0,1,0,0,0,0,0,0,0,1,0,1,0,0,0,0,1,1,5805.05
17.49,1800,1,30,0,2,0,1,0,0,0,0,0,0,0,0,0,1,0,0,0,1,0,1,3641.46
19.67,3000,2,10,0,1,0,1,0,0,0,1,0,0,0,0,0,1,0,0,0,0,1,1,9923.61
25.07,1500,4,13,0,2,0,0,0,1,0,0,0,0,0,0,0,1,0,0,0,1,0,1,7632.12
15.0,2000,2,29,0,1,0,0,0,0,0,0,1,0,0,0,0,0,1,0,0,0,0,0,3221.17
27.81,1200,2,4,0,2,0,1,0,0,0,0,1,0,0,0,0,0,0,0,1,0,0,1,7945.55
16.74,5000,4,14,0,1,1,0,0,0,0,0,0,0,0,0,1,1,1,0,0,0,0,0,13939.54
15.96,5000,3,5,0,2,0,1,0,1,0,0,0,0,0,0,0,1,0,0,0,0,0,0,13010.38
22.79,1800,4,16,1,1,0,1,0,0,0,0,0,0,0,1,0,0,0,0,0,0,1,1,4545.06
15.63,1500,4,28,0,2,0,0,0,0,1,0,0,0,0,0,0,1,0,0,1,0,0,1,3257.75
18.53,4000,4,18,0,0,0,0,0,0,0,0,0,0,0,1,0,1,0,0,0,0,1,1,8757.05
22.53,2500,1,11,1,2,0,0,0,0,0,0,0,0,0,1,0,1,1,0,0,0,0,1,7895.24
13.71,800,5,5,1,1,0,1,0,0,0,0,1,0,0,0,0,0,0,0,0,1,0,0,5559.95
14.0,800,2,13,0,2,0,1,1,0,0,0,0,0,0,0,0,1,0,1,0,0,0,1,5737.28
19.01,2500,1,23,0,2,0,0,0,0,0,0,0,0,0,0,0,1,0,0,0,0,0,1,6860.03
14.05,1800,1,18,1,1,0,0,0,0,0,0,0,0,0,0,0,0,0,0,0,0,0,1,5811.7
18.07,1200,1,22,0,1,0,1,0,0,0,0,0,0,0,0,1,0,0,1,0,0,0,1,4656.15
24.33,4000,5,21,0,0,0,0,0,0,0,0,0,0,1,0,0,0,0,1,0,0,0,0,6873.5
8.8,4000,4,26,0,0,0,0,0,0,1,0,0,0,0,0,0,1,0,1,0,0,0,1,5544.38
17.95,4000,4,23,0,2,0,0,0,0,0,0,0,0,0,1,0,1,0,0,1,0,0,1,8425.74
19.08,3000,1,29,0,0,0,1,0,0,0,0,0,1,0,0,0,0,0,0,0,1,0,1,6793.54
12.09,800,2,18,0,2,0,1,0,0,1,0,0,0,0,0,0,1,0,0,0,0,1,1,4860.25
24.38,4000,3,30,0,2,0,0,0,0,0,0,0,0,1,0,0,0,0,0,0,0,0,1,7565.18
25.87,800,4,7,1,1,0,1,0,1,0,0,0,0,0,0,0,1,1,0,0,0,0,1,6186.89
21.34,2000,3,27,0,2,0,0,0,0,0,1,0,0,0,0,0,0,0,0,1,0,0,1,5915.46
10.46,1500,2,13,0,2,0,0,0,0,1,0,0,0,0,0,0,1,0,0,0,0,1,1,4214.29
30.96,4000,3,24,0,2,0,1,0,0,0,0,0,0,0,0,0,1,0,0,0,0,1,1,9803.87
23.25,3000,5,8,0,1,0,1,0,0,0,0,1,0,0,0,0,1,0,0,0,0,1,1,9616.39
18.73,5000,2,24,1,1,0,0,0,0,0,0,0,0,0,0,1,1,1,0,0,0,0,0,11758.87
20.81,1800,4,23,1,2,0,1,0,0,0,0,1,0,0,0,0,1,0,0,0,0,1,1,5310.53
7.7,5000,5,29,1,2,0,1,0,0,0,0,0,0,0,0,0,1,0,0,0,1,0,1,5508.58
8.66,1200,2,20,0,1,0,1,0,0,0,1,0,0,0,0,0,1,0,0,1,0,0,1,3375.57
18.78,2000,5,19,1,2,0,1,0,0,0,0,1,0,0,0,0,0,0,0,0,0,0,0,3499.85
16.85,1500,1,24,0,1,0,1,0,0,0,0,0,0,0,1,0,1,0,0,0,1,0,1,4552.13
9.12,4000,4,2,0,0,0,0,1,0,0,0,0,0,0,0,0,0,0,0,0,0,1,1,10415.04
14.92,1500,1,3,0,2,1,0,0,0,1,0,0,0,0,0,0,1,1,0,0,0,0,1,12489.28
14.02,1000,2,23,0,2,1,0,0,0,1,0,0,0,0,0,0,0,0,1,0,0,0,1,7544.46
8.46,800,1,21,0,2,0,0,0,0,1,0,0,0,0,0,0,0,0,1,0,0,0,1,4657.62
20.73,2000,5,21,0,1,0,1,0,0,0,0,0,0,0,1,0,1,1,0,0,0,0,1,5483.09
14.5,1000,5,14,0,2,0,1,0,0,0,0,1,0,0,0,0,0,0,0,0,0,1,1,4871.14
5.38,1500,4,15,1,0,0,1,0,0,0,1,0,0,0,0,0,1,0,0,0,0,0,1,4111.37
17.89,800,2,9,1,2,0,1,0,0,0,0,0,1,0,0,0,1,0,0,1,0,0,1,4615.61
16.62,1200,3,29,1,1,0,1,0,1,0,0,0,0,0,0,0,0,0,0,0,1,0,1,3562.64
22.66,5000,5,8,1,2,0,0,0,0,0,0,0,0,1,0,0,1,0,0,1,0,0,1,10449.21
18.25,4000,2,14,1,1,0,1,0,0,0,0,0,0,1,0,0,1,0,0,0,1,0,1,12541.09
19.6,4000,2,23,0,2,0,1,0,1,0,0,0,0,0,0,0,0,0,0,0,0,0,1,9439.56
14.52,4000,4,18,0,1,0,1,0,0,0,1,0,0,0,0,0,1,1,0,0,0,0,1,9502.1
15.94,3000,4,18,0,1,0,1,0,0,0,0,0,0,0,0,0,1,0,0,0,1,0,1,5550.34
12.93,1200,4,26,1,2,1,0,0,0,0,0,0,1,0,0,0,0,0,0,1,0,0,0,4301.64
20.02,1800,5,29,0,1,0,1,0,0,0,0,1,0,0,0,0,1,0,0,1,0,0,1,5167.78
12.65,800,5,3,1,1,0,1,0,0,0,0,0,0,0,1,0,1,0,0,0,0,0,1,5735.84
19.71,1800,5,21,0,2,0,1,0,0,0,0,0,1,0,0,0,1,0,0,0,1,0,1,5808.78
21.36,800,2,20,1,1,1,0,0,0,0,0,0,0,0,0,1,1,0,0,0,0,1,1,8434.94
24.68,1200,1,2,0,2,0,0,1,0,0,0,0,0,0,0,0,1,0,1,0,0,0,1,10370.16
19.48,3000,5,18,1,0,0,1,0,0,0,1,0,0,0,0,0,1,0,0,1,0,0,1,5184.2
20.24,1800,5,18,0,2,0,0,0,1,0,0,0,0,0,0,0,1,0,1,0,0,0,0,5108.12
14.18,3000,3,18,0,1,0,0,0,0,1,0,0,0,0,0,0,1,0,0,1,0,0,1,6068.35
27.43,1200,4,5,0,1,0,0,0,0,0,1,0,0,0,0,0,1,0,0,1,0,0,1,8801.91
15.18,2500,2,18,1,1,0,1,1,0,0,0,0,0,0,0,0,1,0,0,0,0,1,0,7179.08
23.78,2000,3,20,0,1,0,1,0,0,0,0,0,0,0,0,1,0,1,0,0,0,0,1,8189.51
14.38,1200,2,5,1,2,0,0,0,0,0,0,0,0,0,0,1,1,1,0,0,0,0,1,5620.95
18.84,2000,3,8,0,0,0,0,0,0,0,0,1,0,0,0,0,1,1,0,0,0,0,0,6308.11
24.36,1800,2,9,1,1,0,0,0,0,0,1,0,0,0,0,0,1,0,0,1,0,0,1,7239.7
9.9,1200,2,14,1,1,0,1,1,0,0,0,0,0,0,0,0,1,0,1,0,0,0,0,3089.49
13.38,1800,2,4,0,0,1,0,0,0,0,0,0,1,0,0,0,0,0,0,0,0,1,1,10579.74
10.36,3000,3,5,1,2,0,0,0,0,1,0,0,0,0,0,0,1,0,0,1,0,0,1,9114.62
15.54,800,1,28,1,2,0,1,1,0,0,0,0,0,0,0,0,0,0,1,0,0,0,1,4205.0
15.89,1500,5,13,0,0,0,1,0,0,0,0,1,0,0,0,0,1,0,0,0,0,1,1,5311.56
12.28,1500,3,7,0,2,0,1,0,0,0,0,0,0,0,0,1,1,0,0,0,1,0,1,6199.44
11.06,2000,3,23,1,2,0,1,0,0,0,0,0,1,0,0,0,1,0,0,0,0,1,1,4905.7
20.55,2500,1,27,1,2,0,1,0,0,0,1,0,0,0,0,0,1,0,0,0,1,0,1,5531.38
15.76,1500,3,29,1,1,1,0,0,0,0,0,0,0,0,0,0,1,0,0,0,0,1,0,5724.88
14.4,2500,2,15,0,2,0,0,0,0,0,0,0,0,0,0,0,1,0,0,0,0,1,0,5402.59
15.54,4000,5,6,0,2,0,1,0,0,0,1,0,0,0,0,0,1,0,0,0,0,0,1,7848.84
19.65,3000,2,24,0,2,0,1,0,0,0,0,0,0,1,0,0,1,0,1,0,0,0,1,6996.33
15.51,800,1,2,0,2,0,1,0,0,0,0,0,0,0,1,0,0,0,0,0,1,0,0,6699.49
14.1,4000,3,16,0,0,0,1,1,0,0,0,0,0,0,0,0,1,1,0,0,0,0,1,10674.52
9.14,2000,5,13,0,2,0,1,0,0,0,0,1,0,0,0,0,1,0,0,0,0,1,0,5213.46
23.03,4000,5,13,0,2,0,1,0,0,0,0,0,1,0,0,0,1,1,0,0,0,0,1,7893.64
16.69,2000,2,9,0,2,0,0,1,0,0,0,0,0,0,0,0,1,0,1,0,0,0,1,5860.0
14.52,1000,2,24,0,0,0,1,0,0,0,0,1,0,0,0,0,0,0,0,0,0,1,0,5591.14
18.11,3000,1,8,1,2,0,1,0,0,0,0,0,0,0,0,1,1,1,0,0,0,0,1,10321.84
9.7,1800,2,23,0,1,0,0,0,0,0,1,0,0,0,0,0,1,0,0,0,1,0,0,2548.14
18.83,2000,2,18,0,2,0,0,0,0,0,1,0,0,0,0,0,1,0,0,0,0,1,1,7343.99
12.63,2000,5,28,1,0,0,1,0,0,0,0,0,1,0,0,0,0,0,0,0,0,0,1,3150.17
22.51,1500,5,14,0,2,0,0,0,0,0,0,0,1,0,0,0,0,1,0,0,0,0,1,3884.74
29.7,2500,2,13,1,0,0,1,0,0,0,0,1,0,0,0,0,1,0,1,0,0,0,1,11146.0
19.76,3000,4,17,1,2,0,1,0,0,0,0,0,0,1,0,0,1,0,1,0,0,0,0,7314.22
13.84,800,4,10,0,2,0,0,0,0,0,0,0,0,0,1,0,1,0,0,0,0,1,1,5572.22
14.72,2000,4,4,0,0,0,1,1,0,0,0,0,0,0,0,0,1,0,0,0,1,0,1,6549.35
20.66,1800,3,4,1,2,0,0,0,1,0,0,0,0,0,0,0,0,0,0,0,0,1,1,8529.94
19.43,5000,3,29,0,1,0,0,0,1,0,0,0,0,0,0,0,0,0,0,1,0,0,1,7633.35
15.41,2500,2,13,1,2,0,1,0,0,0,0,0,0,1,0,0,0,0,0,1,0,0,1,6975.29
10.63,1800,2,18,1,2,0,0,0,0,0,0,0,0,0,0,1,1,0,1,0,0,0,1,4817.68
18.7,2500,5,15,0,1,0,1,0,0,0,0,0,0,0,1,0,0,0,1,0,0,0,1,4616.83
22.66,5000,4,8,0,0,0,0,0,0,0,0,0,0,1,0,0,0,0,0,0,1,0,1,11169.64
8.69,1500,3,26,0,2,0,0,0,0,0,0,0,0,0,0,1,1,0,1,0,0,0,0,4032.43
17.76,2500,3,30,0,2,0,1,0,1,0,0,0,0,0,0,0,1,0,0,0,0,0,1,5437.67
20.23,800,4,14,0,0,1,0,0,0,0,0,1,0,0,0,0,1,0,1,0,0,0,1,7281.79
14.37,5000,5,28,0,2,0,1,0,0,1,0,0,0,0,0,0,1,0,0,0,0,1,1,8075.2
14.15,1000,4,8,1,1,0,1,0,0,0,0,0,0,0,0,0,1,0,0,0,0,1,1,4178.07
19.67,800,5,24,0,2,0,0,1,0,0,0,0,0,0,0,0,1,0,0,0,0,0,1,2368.38
11.43,1200,3,22,0,0,0,1,0,0,0,0,0,1,0,0,0,1,0,0,0,0,1,0,4168.96
14.21,1500,5,29,0,0,0,1,0,0,0,0,0,1,0,0,0,1,0,0,0,0,0,1,2024.82
19.61,1800,2,17,0,2,0,1,0,0,0,0,0,1,0,0,0,1,0,1,0,0,0,1,6553.65
20.99,1800,3,14,0,0,0,1,0,0,0,0,0,0,0,0,1,0,0,1,0,0,0,1,6946.14
24.26,1500,5,29,0,0,0,1,0,0,0,0,0,0,1,0,0,0,0,0,0,0,1,1,2834.79
23.72,1800,2,17,0,2,0,1,0,0,0,1,0,0,0,0,0,0,0,0,0,0,1,1,8215.81
15.36,800,3,9,0,2,0,1,0,0,0,1,0,0,0,0,0,1,1,0,0,0,0,0,4687.03
17.94,4000,5,29,1,0,0,0,1,0,0,0,0,0,0,0,0,1,0,1,0,0,0,1,6098.37
16.14,1500,4,18,0,2,0,0,0,1,0,0,0,0,0,0,0,0,0,0,0,0,1,1,3553.46
15.51,5000,3,22,1,2,0,0,0,0,0,0,1,0,0,0,0,0,0,0,0,1,0,1,8993.78
18.43,2000,2,5,1,2,0,0,1,0,0,0,0,0,0,0,0,0,0,1,0,0,0,1,7940.55
16.65,3000,4,18,0,1,0,0,0,0,0,0,0,0,0,0,0,1,0,1,0,0,0,0,5420.35
19.6,1000,3,4,1,1,0,1,0,0,0,0,0,0,0,0,0,0,0,0,1,0,0,1,6719.62
20.19,4000,1,22,0,1,0,0,0,0,0,0,0,0,0,0,1,1,0,1,0,0,0,1,8119.9
13.7,2000,1,16,0,2,0,0,0,0,0,0,0,1,0,0,0,1,0,0,1,0,0,1,6018.04
17.74,4000,1,26,0,1,0,0,0,0,0,0,0,0,0,1,0,0,1,0,0,0,0,1,9654.64
11.2,5000,4,13,0,1,0,1,0,0,0,0,0,0,0,1,0,1,0,0,0,0,0,1,7931.81
19.5,1000,2,2,0,0,0,0,0,0,0,0,0,0,1,0,0,1,0,0,1,0,0,1,6952.06
19.15,1800,2,23,1,1,0,1,0,0,0,1,0,0,0,0,0,0,1,0,0,0,0,1,5676.28
12.95,4000,5,20,0,2,0,1,0,0,0,0,0,0,0,0,0,0,1,0,0,0,0,1,7413.59
14.84,1200,2,10,0,2,0,0,0,0,1,0,0,0,0,0,0,1,0,1,0,0,0,1,6187.56
23.01,1000,2,6,1,2,0,1,0,0,0,0,0,0,0,0,0,0,0,1,0,0,0,1,6971.68
30.31,1200,3,6,1,2,0,1,0,1,0,0,0,0,0,0,0,0,0,0,0,0,1,1,9140.48
15.2,3000,5,27,0,2,0,0,0,0,0,0,0,1,0,0,0,0,1,0,0,0,0,1,5249.09
22.06,800,3,29,1,2,0,1,0,0,0,0,0,0,1,0,0,1,0,0,1,0,0,0,2692.83
18.57,2500,5,5,0,1,0,1,0,0,0,1,0,0,0,0,0,1,1,0,0,0,0,0,7610.04
10.85,5000,5,27,0,2,0,1,0,0,0,1,0,0,0,0,0,0,0,0,1,0,0,0,8543.43
19.16,4000,3,29,1,1,0,1,0,0,0,0,0,0,0,0,1,1,0,0,1,0,0,1,8622.54
22.8,800,4,25,1,2,0,0,0,0,0,0,0,0,0,1,0,0,0,0,1,0,0,1,3347.21
10.02,1200,3,2,0,2,0,1,0,0,1,0,0,0,0,0,0,1,0,0,1,0,0,1,6885.67
24.07,2500,4,20,1,2,0,1,0,0,0,0,0,0,0,1,0,1,0,0,0,1,0,1,9511.2
14.66,5000,1,20,1,2,0,1,0,0,0,0,0,0,1,0,0,0,1,0,0,0,0,1,9753.14
15.67,1500,4,4,0,2,0,1,0,0,0,0,0,0,0,1,0,1,0,1,0,0,0,1,5921.43
13.46,1000,1,27,0,1,1,0,0,0,0,0,0,1,0,0,0,0,0,0,1,0,0,1,6643.18
15.63,2000,2,17,1,1,0,1,0,0,0,0,0,0,0,1,0,0,0,0,1,0,0,1,6640.91
24.64,5000,3,29,1,0,0,1,0,1,0,0,0,0,0,0,0,0,0,1,0,0,0,0,8541.8
23.88,1200,1,6,1,2,0,0,0,0,0,0,0,0,0,0,1,0,0,0,1,0,0,0,7467.06
17.41,2500,1,30,1,1,0,1,0,0,0,0,0,0,0,0,1,1,0,0,1,0,0,1,5001.23
19.23,1500,2,23,0,0,0,0,1,0,0,0,0,0,0,0,0,0,0,0,0,0,1,0,4520.75
21.42,4000,3,18,0,2,1,0,0,0,0,0,0,0,0,0,0,1,0,1,0,0,0,1,13677.24
10.1,2500,1,9,0,1,0,0,0,0,1,0,0,0,0,0,0,0,0,0,0,1,0,0,7218.65
17.89,1800,1,18,1,2,0,0,0,0,0,0,0,0,0,0,1,1,0,0,0,0,0,1,7542.87
19.16,2000,5,18,1,2,0,1,0,0,0,0,1,0,0,0,0,1,0,0,0,0,1,1,4921.31
13.91,800,4,30,1,1,0,0,0,0,0,0,1,0,0,0,0,1,1,0,0,0,0,1,1112.71
21.1,1800,5,6,1,2,0,1,0,0,0,0,0,0,0,1,0,1,0,0,0,1,0,1,7473.94
12.23,1200,3,18,0,0,0,1,0,0,0,0,0,0,0,0,1,1,0,0,1,0,0,1,2518.7
15.29,5000,5,23,1,2,0,0,0,1,0,0,0,0,0,0,0,1,0,0,0,0,1,1,8356.75
26.33,1800,4,28,0,1,0,1,0,0,0,0,0,0,0,0,0,0,0,0,0,0,1,1,4857.55
12.09,5000,1,10,1,2,0,0,0,0,0,0,0,1,0,0,0,0,0,0,0,0,1,0,12772.12
11.55,1500,5,14,1,1,0,1,0,0,0,0,0,0,0,0,0,1,0,0,0,0,1,1,4848.87
15.64,5000,1,16,1,0,0,1,0,0,1,0,0,0,0,0,0,0,0,0,1,0,0,0,13327.52
10.78,2000,5,6,0,0,0,0,0,0,1,0,0,0,0,0,0,0,0,1,0,0,0,1,4724.6
19.33,2500,2,3,0,1,0,0,1,0,0,0,0,0,0,0,0,1,0,1,0,0,0,1,11175.52
18.89,3000,3,18,1,0,0,0,0,0,1,0,0,0,0,0,0,1,0,0,0,0,1,0,6902.15
22.35,800,3,13,0,2,0,0,0,0,1,0,0,0,0,0,0,0,0,0,0,1,0,1,4604.16
16.9,4000,4,21,0,2,0,1,1,0,0,0,0,0,0,0,0,1,0,0,0,1,0,0,7688.77
31.48,2500,2,26,0,2,0,1,0,0,1,0,0,0,0,0,0,0,1,0,0,0,0,0,8302.52
24.72,5000,4,27,1,2,0,1,0,0,0,0,0,0,0,0,1,1,0,0,0,0,1,1,10277.35
11.01,2500,2,8,0,2,0,1,0,0,1,0,0,0,0,0,0,1,0,0,0,1,0,1,8002.78
19.77,1000,3,13,0,1,0,0,1,0,0,0,0,0,0,0,0,1,0,1,0,0,0,0,5706.03
24.69,1000,2,22,0,2,0,1,0,0,0,0,0,0,0,0,1,0,0,0,0,0,1,1,5627.51
23.82,5000,5,22,1,2,0,0,0,0,0,0,0,1,0,0,0,1,1,0,0,0,0,1,11633.87
10.56,1000,1,6,1,0,0,1,1,0,0,0,0,0,0,0,0,1,0,1,0,0,0,1,6846.42
16.31,5000,1,9,1,1,0,1,0,0,0,0,1,0,0,0,0,0,0,1,0,0,0,1,14644.29
16.19,800,1,20,0,1,0,0,0,0,0,0,1,0,0,0,0,1,0,0,0,0,0,1,3333.07
26.77,1000,2,28,1,2,0,1,0,0,1,0,0,0,0,0,0,0,1,0,0,0,0,1,5210.41
23.92,2000,4,12,1,2,0,1,0,1,0,0,0,0,0,0,0,0,1,0,0,0,0,1,6375.91
14.63,3000,2,22,0,1,0,0,0,0,0,1,0,0,0,0,0,1,0,0,0,1,0,1,6961.02
17.1,5000,2,8,0,2,0,1,0,0,0,0,0,0,0,0,0,1,0,0,0,0,1,1,12543.77
5.98,5000,5,10,1,2,0,1,0,0,0,1,0,0,0,0,0,1,0,0,0,1,0,1,10046.75
20.52,2500,2,15,0,2,1,0,0,0,0,0,0,0,0,0,1,1,0,0,0,0,0,1,12689.55
18.48,800,2,12,0,0,0,1,0,0,0,0,1,0,0,0,0,0,1,0,0,0,0,1,5719.62
22.13,4000,4,5,1,0,0,0,0,0,1,0,0,0,0,0,0,0,0,1,0,0,0,1,10344.37
23.01,2500,3,25,1,2,0,1,0,0,0,0,0,0,0,0,1,0,0,0,0,0,0,0,6087.03
10.61,1500,3,13,1,1,0,1,0,0,0,0,0,0,0,0,1,1,0,0,0,0,1,0,4946.26
13.57,1800,5,6,0,0,0,0,0,0,0,0,0,1,0,0,0,0,0,1,0,0,0,0,6796.85
20.72,1000,5,8,0,0,0,0,0,0,0,0,0,0,1,0,0,1,0,1,0,0,0,1,6329.77
13.63,1800,2,13,1,2,0,0,0,0,0,0,0,0,0,0,1,0,1,0,0,0,0,1,9335.1
18.99,4000,5,23,1,1,0,0,0,0,0,0,0,1,0,0,0,0,0,0,0,0,0,0,7492.36
11.17,1000,4,4,1,1,0,1,1,0,0,0,0,0,0,0,0,0,0,1,0,0,0,1,5736.05
13.81,1800,3,10,0,1,0,1,0,0,0,0,0,0,1,0,0,0,0,0,0,1,0,1,7169.9
20.28,1800,3,10,1,2,0,0,0,0,0,0,0,0,1,0,0,1,0,0,1,0,0,0,6313.91
13.34,1800,1,2,0,2,0,1,0,0,0,1,0,0,0,0,0,0,0,0,0,0,0,1,8995.12
11.71,2000,1,12,1,2,0,1,0,0,0,0,0,1,0,0,0,0,1,0,0,0,0,1,6553.01
14.19,1200,3,21,0,0,0,0,0,0,0,0,0,0,1,0,0,0,0,0,0,0,0,1,4293.92
20.13,1000,5,4,1,2,0,1,1,0,0,0,0,0,0,0,0,1,0,0,0,0,0,1,3953.46
22.39,800,4,4,0,2,0,0,0,0,0,0,0,1,0,0,0,1,0,0,0,1,0,1,4845.36
28.0,1800,3,14,0,1,0,1,0,0,0,0,0,0,0,1,0,1,0,0,0,1,0,1,9302.57
16.77,1200,1,8,0,1,1,0,0,0,0,1,0,0,0,0,0,1,1,0,0,0,0,1,10218.3
15.78,1200,2,28,0,2,0,1,0,0,0,0,0,0,0,1,0,1,0,0,0,0,0,1,4865.11
14.5,5000,3,6,0,2,0,0,0,0,0,0,0,0,1,0,0,0,0,0,1,0,0,1,12470.64
19.63,800,1,17,1,1,0,1,0,0,0,0,1,0,0,0,0,1,0,0,0,1,0,1,5286.72
16.27,1500,5,27,1,2,0,0,0,0,0,0,1,0,0,0,0,1,0,0,0,0,1,1,4572.19
21.61,1800,2,15,1,0,0,0,0,0,0,0,0,0,0,1,0,0,0,1,0,0,0,0,7972.15
14.39,5000,3,27,0,0,1,0,0,0,0,0,0,0,1,0,0,0,0,0,0,1,0,1,11143.07
17.17,2500,4,23,1,1,0,0,0,0,0,0,0,1,0,0,0,1,1,0,0,0,0,1,5843.32
10.52,1800,4,15,1,0,0,1,0,0,0,0,0,0,0,0,0,0,0,0,0,0,0,1,4632.65
13.1,3000,2,5,0,1,0,1,0,0,0,1,0,0,0,0,0,0,0,0,1,0,0,1,9002.17
20.19,5000,4,26,0,0,0,1,1,0,0,0,0,0,0,0,0,1,0,0,1,0,0,1,9455.47
16.58,2000,1,13,1,1,0,1,1,0,0,0,0,0,0,0,0,0,0,0,0,0,0,1,7597.88
22.48,1000,2,16,0,0,0,0,0,0,0,1,0,0,0,0,0,0,0,0,1,0,0,1,5635.0
8.94,5000,4,16,0,2,0,1,0,0,0,0,0,0,0,0,0,0,0,0,0,0,0,0,9558.71
17.37,3000,5,17,0,0,0,1,0,0,0,0,0,0,1,0,0,1,1,0,0,0,0,1,6041.83
21.36,2500,4,9,0,0,0,1,0,0,0,0,0,0,1,0,0,0,0,0,0,1,0,0,7839.37
20.68,4000,2,23,0,2,0,0,0,0,0,0,0,0,0,0,0,1,0,0,0,0,0,1,7824.78
14.92,2000,3,24,1,0,1,0,0,0,1,0,0,0,0,0,0,1,0,1,0,0,0,1,8017.07
21.25,1000,3,28,0,0,0,1,1,0,0,0,0,0,0,0,0,1,0,0,1,0,0,0,3762.44
18.48,2000,4,26,0,1,0,1,0,0,0,0,0,0,1,0,0,1,0,1,0,0,0,1,4632.71
15.13,4000,1,20,1,2,1,0,0,0,0,0,0,0,0,0,0,0,0,0,0,0,0,1,12899.78
5.0,1500,1,12,0,2,0,0,0,0,0,0,0,0,0,0,1,1,0,0,0,0,0,1,7161.36
15.94,2500,5,18,0,2,0,1,0,1,0,0,0,0,0,0,0,1,0,0,0,0,1,1,5905.13
13.55,1000,5,13,1,2,1,0,0,0,0,0,0,0,1,0,0,0,0,0,0,0,0,0,4689.41
19.95,800,5,19,0,1,0,0,0,0,0,0,0,0,0,0,1,0,1,0,0,0,0,0,4669.36
6.41,1000,3,6,0,2,0,1,1,0,0,0,0,0,0,0,0,0,0,0,0,0,1,1,6213.06
23.04,1200,5,28,0,2,1,0,0,1,0,0,0,0,0,0,0,1,0,0,1,0,0,1,6166.73
15.38,800,4,18,0,2,0,1,0,0,0,0,0,0,0,0,1,0,0,0,0,0,0,1,4728.89
17.84,2000,2,15,1,2,0,1,0,0,0,0,0,0,1,0,0,1,1,0,0,0,0,1,8090.72
22.49,2500,4,7,0,0,0,0,0,0,0,0,0,0,0,0,0,0,0,0,0,0,0,1,8300.5
25.11,4000,2,30,0,0,0,0,0,0,0,0,0,1,0,0,0,1,1,0,0,0,0,1,11090.5
27.14,1500,5,4,0,2,0,0,0,0,0,0,0,0,0,0,0,0,1,0,0,0,0,1,7200.48
17.82,1500,4,21,1,1,0,1,0,0,0,0,1,0,0,0,0,1,0,1,0,0,0,1,4714.54
21.36,5000,4,4,1,0,0,1,0,0,0,1,0,0,0,0,0,1,1,0,0,0,0,0,12076.9
19.68,1000,4,8,1,2,0,1,0,0,1,0,0,0,0,0,0,1,0,0,0,0,0,0,4936.44
26.79,1000,3,7,1,0,0,1,0,0,1,0,0,0,0,0,0,0,0,0,0,0,1,1,6714.52
15.27,3000,1,16,0,1,0,1,0,0,1,0,0,0,0,0,0,0,0,0,0,1,0,1,9265.57
22.04,1800,2,23,1,2,0,0,0,0,0,0,1,0,0,0,0,0,0,0,0,1,0,1,6123.38
19.55,1500,5,10,0,2,0,0,0,0,0,0,0,0,1,0,0,0,0,1,0,0,0,1,5861.19
20.31,800,4,16,1,2,0,1,0,0,0,0,0,0,1,0,0,1,1,0,0,0,0,1,3642.34
12.56,800,3,30,1,2,1,0,0,0,0,1,0,0,0,0,0,1,0,0,0,0,1,1,5818.75
25.84,2500,4,16,0,1,0,0,0,0,0,0,0,0,1,0,0,1,0,0,1,0,0,1,9253.29
19.53,3000,2,11,1,2,0,1,0,0,0,0,0,0,0,1,0,1,0,0,0,0,0,0,9674.51
21.78,3000,2,2,0,1,0,0,0,1,0,0,0,0,0,0,0,1,0,0,1,0,0,1,11462.67
8.95,2000,4,5,0,0,0,0,0,0,0,0,0,0,0,1,0,0,0,0,0,1,0,1,6875.76
24.57,4000,3,2,0,2,0,1,0,0,1,0,0,0,0,0,0,0,0,0,0,1,0,0,13641.65
10.28,1200,5,14,0,2,0,1,0,0,0,0,0,0,0,0,0,0,0,0,1,0,0,1,3717.96
14.23,2500,5,30,1,2,0,0,0,0,0,0,0,0,0,0,1,0,0,0,0,0,1,0,3950.33
23.7,3000,3,23,0,0,0,0,0,0,0,0,0,0,0,0,0,1,0,1,0,0,0,1,6315.07
19.1,2500,5,19,0,0,0,0,0,0,0,1,0,0,0,0,0,1,0,0,0,1,0,1,5943.33
20.94,3000,2,16,0,1,0,1,0,0,0,0,0,0,1,0,0,1,0,1,0,0,0,1,9524.63
18.62,5000,2,27,0,0,0,1,0,0,0,0,0,0,1,0,0,1,0,0,0,0,1,1,10883.26
23.99,2500,3,7,0,2,0,1,1,0,0,0,0,0,0,0,0,0,0,0,1,0,0,1,7917.48
12.99,3000,1,24,1,1,0,0,1,0,0,0,0,0,0,0,0,1,1,0,0,0,0,0,6692.75
19.96,4000,3,17,1,2,0,1,0,1,0,0,0,0,0,0,0,0,0,0,0,0,0,1,9445.98
8.46,5000,4,13,0,2,0,1,0,0,0,0,0,1,0,0,0,0,0,0,0,0,1,1,9138.26
16.79,3000,3,30,0,0,0,0,0,0,0,1,0,0,0,0,0,0,0,0,1,0,0,1,4452.99
21.52,2000,5,11,1,1,0,1,0,0,0,0,0,0,0,1,0,1,0,0,0,0,0,1,6836.68
18.46,4000,2,23,1,2,0,0,0,0,0,1,0,0,0,0,0,0,1,0,0,0,0,1,8652.5
19.96,800,5,4,1,2,0,1,0,0,0,0,0,0,0,0,1,1,0,0,0,0,0,1,6146.73
25.11,1500,4,18,0,0,0,1,0,0,0,0,0,1,0,0,0,1,0,0,0,1,0,1,4366.54
21.68,1000,3,29,1,0,0,0,0,0,0,0,0,0,0,0,1,1,0,1,0,0,0,1,3738.1
22.0,3000,5,5,0,1,0,0,0,0,1,0,0,0,0,0,0,1,1,0,0,0,0,1,9137.82
23.48,1000,3,20,0,0,0,0,0,0,0,0,0,0,1,0,0,0,0,0,0,1,0,0,3932.62
19.46,1000,2,19,0,1,0,0,0,1,0,0,0,0,0,0,0,0,1,0,0,0,0,0,5640.17
20.99,3000,3,18,0,1,0,0,0,1,0,0,0,0,0,0,0,1,1,0,0,0,0,1,6046.34
18.22,1500,5,28,1,0,0,1,0,0,0,0,0,0,1,0,0,0,0,0,0,1,0,0,4335.2
18.7,1800,3,21,0,1,0,1,0,0,0,1,0,0,0,0,0,0,0,0,0,1,0,1,5989.99
20.36,1800,2,20,1,2,0,1,0,0,0,0,1,0,0,0,0,1,0,0,0,1,0,1,4524.87
21.57,3000,5,4,1,2,0,0,0,0,0,0,0,0,0,0,1,0,0,0,0,0,0,1,9402.46
13.59,800,4,28,0,2,0,1,1,0,0,0,0,0,0,0,0,1,1,0,0,0,0,1,1556.75
17.7,800,3,16,1,0,1,0,0,0,0,1,0,0,0,0,0,0,0,0,1,0,0,1,6476.95
27.72,2000,2,2,0,0,0,0,0,0,0,0,0,0,0,1,0,1,1,0,0,0,0,1,9497.09
18.67,2500,5,4,1,2,0,0,0,0,0,0,0,0,0,1,0,1,0,0,0,1,0,1,9200.0
16.27,3000,4,29,0,0,1,0,0,0,0,0,0,0,1,0,0,0,0,1,0,0,0,1,7027.42
10.03,2500,3,8,1,2,0,1,0,0,1,0,0,0,0,0,0,0,0,0,0,1,0,1,6941.66
22.17,4000,2,28,0,0,0,1,0,0,0,0,1,0,0,0,0,1,0,1,0,0,0,1,8082.02
22.46,2000,4,3,0,1,0,1,0,0,1,0,0,0,0,0,0,1,0,1,0,0,0,1,7671.76
17.9,1500,5,25,0,0,0,0,0,0,0,0,1,0,0,0,0,1,0,0,0,1,0,1,4974.73
22.03,800,2,14,0,1,1,0,0,0,0,0,1,0,0,0,0,1,1,0,0,0,0,1,8955.62
22.31,5000,4,15,1,1,0,0,0,0,0,0,0,0,1,0,0,0,1,0,0,0,0,1,11168.2
18.61,4000,2,3,0,1,0,1,0,0,1,0,0,0,0,0,0,0,0,0,1,0,0,1,11692.68
16.2,2000,3,21,0,0,0,0,0,0,0,0,1,0,0,0,0,0,1,0,0,0,0,1,3582.2
16.53,3000,4,17,0,2,0,0,0,0,0,0,0,0,0,0,1,1,0,0,1,0,0,1,6293.67
6.79,2500,1,3,1,0,0,1,0,0,0,0,0,0,1,0,0,1,0,0,0,1,0,1,7828.79
22.12,1500,2,30,0,2,0,1,0,0,0,0,0,0,1,0,0,0,0,0,0,1,0,1,4574.77
14.74,1500,2,17,0,2,0,0,0,0,0,0,0,1,0,0,0,1,1,0,0,0,0,0,5183.78
20.11,1000,4,28,0,1,0,1,1,0,0,0,0,0,0,0,0,1,1,0,0,0,0,1,2912.35
16.46,1000,1,21,1,2,0,1,0,1,0,0,0,0,0,0,0,1,0,0,0,0,0,1,3856.69
28.11,1200,2,23,1,2,0,1,0,0,0,0,1,0,0,0,0,0,0,0,0,1,0,1,7319.45
17.11,800,2,19,0,0,0,1,0,0,1,0,0,0,0,0,0,0,0,1,0,0,0,0,2988.44
13.23,3000,1,22,0,2,0,1,0,0,0,1,0,0,0,0,0,1,0,0,1,0,0,1,8201.1
16.87,2000,4,18,0,0,0,0,0,0,1,0,0,0,0,0,0,1,0,0,0,1,0,0,5165.35
16.53,5000,5,13,0,1,0,1,0,0,0,0,0,0,1,0,0,1,0,0,0,0,0,0,10644.51
20.67,1200,4,21,1,2,0,0,0,0,0,1,0,0,0,0,0,1,0,0,0,0,0,1,4640.57
20.47,1200,1,29,1,2,0,0,0,0,0,0,0,0,0,0,1,1,0,0,0,0,0,1,5843.56
18.86,4000,1,26,0,0,1,0,0,0,1,0,0,0,0,0,0,0,0,1,0,0,0,1,13030.92
22.51,1200,4,8,0,2,0,1,0,0,0,0,0,0,0,0,0,0,1,0,0,0,0,1,4571.5
13.52,1000,3,20,0,0,0,1,0,0,1,0,0,0,0,0,0,1,1,0,0,0,0,1,1917.08
14.3,1500,3,29,1,2,0,0,0,0,0,0,0,1,0,0,0,1,0,0,0,0,0,0,3082.98
11.15,1200,4,2,1,2,1,0,1,0,0,0,0,0,0,0,0,1,0,0,0,0,0,1,10002.17
20.57,2000,1,15,1,2,0,0,0,0,0,0,0,0,0,0,1,0,0,0,0,1,0,1,8343.11
12.97,4000,3,11,0,1,1,0,0,1,0,0,0,0,0,0,0,0,0,0,0,0,1,1,11654.29
20.45,4000,2,13,1,0,0,1,0,0,0,0,0,0,0,0,1,1,1,0,0,0,0,1,9750.1
14.02,2500,3,29,0,2,0,0,0,0,0,0,0,0,0,1,0,1,0,1,0,0,0,1,5134.34
25.58,5000,1,13,1,1,0,1,0,0,0,0,0,0,0,0,1,1,1,0,0,0,0,1,13237.49
17.2,5000,5,23,0,0,0,0,0,1,0,0,0,0,0,0,0,0,1,0,0,0,0,1,8767.71
20.74,1500,3,14,1,2,0,0,0,0,0,1,0,0,0,0,0,1,0,0,0,0,0,0,5789.23
19.87,800,4,28,0,1,0,1,0,0,0,0,0,0,0,1,0,0,0,0,0,0,0,1,1685.66
16.05,3000,5,22,0,2,0,1,0,0,1,0,0,0,0,0,0,0,0,0,0,0,1,1,4941.03
5.0,4000,2,12,1,2,0,1,0,0,0,0,0,0,0,1,0,1,0,0,1,0,0,1,7739.95
19.89,1800,3,10,0,2,0,0,0,0,0,0,0,1,0,0,0,1,0,0,0,0,1,1,10149.63
21.88,2500,1,11,1,1,0,1,1,0,0,0,0,0,0,0,0,1,1,0,0,0,0,1,10410.93
22.26,3000,1,20,0,1,0,0,0,0,0,0,0,0,1,0,0,0,0,1,0,0,0,0,10066.53
14.62,800,3,5,1,1,0,0,0,0,0,0,0,0,1,0,0,0,0,1,0,0,0,1,7506.41
6.73,1800,4,10,0,0,0,0,0,0,0,1,0,0,0,0,0,0,0,0,0,0,0,1,5070.89
24.42,1800,3,18,1,1,0,1,0,0,0,0,0,1,0,0,0,1,0,0,0,0,0,1,5477.53
9.23,2500,2,18,1,2,0,0,0,1,0,0,0,0,0,0,0,1,1,0,0,0,0,0,6006.35
15.97,800,3,17,0,1,0,1,0,0,0,0,1,0,0,0,0,1,0,0,0,0,0,1,4978.19
14.38,2000,2,27,1,0,0,1,0,0,0,0,0,0,1,0,0,0,0,0,1,0,0,1,4176.61
8.89,800,4,8,0,1,0,0,0,0,0,0,0,0,1,0,0,1,0,1,0,0,0,0,3717.68
28.48,3000,2,5,0,2,1,0,0,0,0,1,0,0,0,0,0,0,0,1,0,0,0,1,14373.05
9.24,2000,5,14,0,1,1,0,0,0,0,0,0,1,0,0,0,1,0,0,0,1,0,1,8811.3
20.4,1200,1,5,0,0,0,1,1,0,0,0,0,0,0,0,0,1,0,0,0,0,1,1,7776.07
16.41,1500,2,4,0,0,0,0,0,0,0,0,0,0,0,0,1,0,0,0,0,1,0,0,9529.44
19.48,1500,3,4,0,0,0,1,0,0,0,0,0,0,0,0,1,0,0,0,1,0,0,1,8249.82
14.34,1500,3,23,1,0,0,0,0,0,0,0,0,0,0,0,1,1,0,1,0,0,0,1,2086.87
16.66,800,5,25,1,0,0,0,0,0,1,0,0,0,0,0,0,0,0,0,1,0,0,0,3392.87
11.53,1800,4,16,0,0,0,1,0,0,0,0,0,0,0,0,1,0,0,1,0,0,0,1,5001.93
17.63,1200,4,26,0,2,0,0,0,1,0,0,0,0,0,0,0,1,0,0,0,1,0,1,2721.26
15.26,2000,5,26,0,0,0,1,0,0,0,0,0,0,0,0,0,1,0,0,0,1,0,1,4763.22
15.77,2000,1,6,0,0,0,1,0,0,0,0,0,0,0,1,0,0,0,0,0,0,1,1,8663.21
20.47,1500,2,9,0,0,0,1,1,0,0,0,0,0,0,0,0,0,0,0,0,0,0,1,5917.04
19.56,2000,4,30,1,1,0,0,0,1,0,0,0,0,0,0,0,1,0,1,0,0,0,1,1082.41
16.55,2000,3,16,0,2,0,1,0,0,0,0,0,1,0,0,0,1,1,0,0,0,0,0,7221.44
5.0,1800,2,21,0,1,0,1,0,0,0,0,0,0,1,0,0,0,0,0,0,0,1,1,5137.68
14.88,1500,3,2,0,1,0,0,0,1,0,0,0,0,0,0,0,0,0,0,1,0,0,0,6206.25
12.59,5000,2,29,0,2,0,1,0,1,0,0,0,0,0,0,0,1,1,0,0,0,0,1,7872.26
18.63,800,5,9,1,1,0,0,0,0,1,0,0,0,0,0,0,1,0,0,0,0,1,1,3228.29
10.66,5000,2,19,0,2,0,0,0,0,0,0,0,0,0,0,0,1,0,0,0,0,1,1,11605.72
10.11,4000,5,20,0,1,0,1,1,0,0,0,0,0,0,0,0,1,0,0,1,0,0,1,5901.1
16.57,800,4,11,1,1,0,1,0,0,0,0,0,0,0,1,0,0,0,1,0,0,0,1,4134.83
30.93,1500,2,21,0,2,1,0,0,0,0,0,0,0,1,0,0,1,0,0,0,0,1,1,11013.66
22.13,2500,2,8,1,1,0,0,0,0,0,1,0,0,0,0,0,0,0,0,0,0,0,0,8936.37
18.95,1200,1,17,0,1,0,1,0,0,0,0,0,0,1,0,0,0,1,0,0,0,0,0,8585.84
22.16,5000,2,10,1,1,0,1,0,0,0,0,0,0,0,0,0,0,0,1,0,0,0,1,12586.52
11.61,4000,4,24,1,2,0,0,0,1,0,0,0,0,0,0,0,1,0,0,0,0,1,1,8200.25
17.24,4000,4,9,0,0,0,1,1,0,0,0,0,0,0,0,0,0,0,0,0,1,0,1,8692.12
13.74,1800,1,7,0,2,0,0,0,0,0,0,0,0,0,1,0,0,0,0,0,1,0,1,7054.18
15.1,1200,4,4,1,2,0,1,0,0,1,0,0,0,0,0,0,1,0,0,1,0,0,1,7929.41
6.47,2500,4,22,1,2,1,0,0,1,0,0,0,0,0,0,0,1,0,1,0,0,0,1,5706.29
23.93,800,3,21,1,0,0,0,0,0,0,0,0,0,0,0,0,0,0,1,0,0,0,1,3151.3
25.61,800,3,19,0,0,0,0,0,0,0,0,1,0,0,0,0,1,0,0,1,0,0,1,7112.43
10.95,800,1,26,0,2,0,0,0,0,0,0,0,1,0,0,0,0,0,1,0,0,0,1,4800.32
12.75,4000,4,24,0,0,0,1,0,0,0,0,0,1,0,0,0,1,0,0,0,1,0,1,7115.54
13.87,2500,3,3,0,1,0,1,0,1,0,0,0,0,0,0,0,1,0,0,0,1,0,0,8156.16
15.23,4000,1,16,1,1,0,1,0,0,0,0,1,0,0,0,0,0,0,0,0,0,1,1,10142.38
8.47,5000,5,10,0,2,0,1,0,0,0,1,0,0,0,0,0,0,0,0,0,1,0,1,10419.05
19.15,1500,2,29,0,2,0,1,0,0,0,0,0,0,0,0,1,1,0,0,0,0,1,0,3723.11
14.9,5000,2,24,1,0,0,0,0,0,0,0,0,1,0,0,0,0,0,0,0,0,1,1,11595.27
15.95,1000,1,16,0,1,0,1,0,0,0,0,0,0,1,0,0,1,0,0,1,0,0,1,5777.41
21.54,4000,2,19,0,2,0,0,0,0,0,0,0,0,0,0,0,1,0,0,1,0,0,1,9973.53
18.82,1800,3,26,0,2,0,1,0,1,0,0,0,0,0,0,0,1,0,0,0,0,0,1,3772.45
16.85,1200,5,27,0,2,0,0,0,0,0,0,0,0,0,0,1,0,0,0,0,1,0,1,3571.9
17.35,1800,1,27,0,0,0,1,0,0,1,0,0,0,0,0,0,0,0,0,0,0,0,0,6352.87
20.0,800,2,14,0,2,0,0,0,1,0,0,0,0,0,0,0,0,0,0,0,0,1,1,3756.9
18.96,1800,2,16,0,2,0,1,0,0,0,0,0,0,0,0,1,0,1,0,0,0,0,1,5335.39
28.92,4000,5,17,1,1,0,0,0,0,0,0,0,0,0,0,1,0,0,0,0,1,0,1,8464.92
9.47,1800,1,2,0,1,0,0,0,0,0,1,0,0,0,0,0,1,0,0,1,0,0,1,7424.96
13.61,1200,2,10,0,1,0,0,0,0,0,0,0,0,0,1,0,0,0,0,1,0,0,0,7225.06
13.27,1500,1,2,1,1,0,0,0,0,0,1,0,0,0,0,0,0,1,0,0,0,0,1,8377.49
11.75,800,2,7,0,0,0,1,0,0,0,0,0,0,0,1,0,1,0,0,1,0,0,0,6507.19
16.62,3000,3,30,0,2,1,0,0,1,0,0,0,0,0,0,0,1,0,0,1,0,0,1,8803.76
16.58,2500,2,16,0,2,1,0,0,1,0,0,0,0,0,0,0,1,0,1,0,0,0,1,11171.11
16.91,800,5,17,0,2,0,0,1,0,0,0,0,0,0,0,0,1,0,0,1,0,0,1,3099.75
17.33,2000,5,23,1,2,1,0,0,0,0,0,1,0,0,0,0,1,0,0,0,0,0,0,7520.4
16.18,1200,5,3,0,1,1,0,0,0,0,1,0,0,0,0,0,1,0,0,1,0,0,1,8682.06
26.99,1500,4,20,1,1,0,1,0,0,0,0,0,1,0,0,0,0,0,0,0,0,1,1,5214.63
16.96,2000,2,14,0,0,0,0,1,0,0,0,0,0,0,0,0,1,1,0,0,0,0,1,6457.17
22.63,4000,2,9,0,1,0,0,0,0,1,0,0,0,0,0,0,1,0,0,1,0,0,0,12312.71
11.24,2000,2,11,0,2,0,0,0,1,0,0,0,0,0,0,0,1,0,0,0,0,1,1,6213.83
